-- phpMyAdmin SQL Dump
-- version 4.5.4.1deb2ubuntu2
-- http://www.phpmyadmin.net
--
-- Host: localhost
-- Generation Time: May 05, 2017 at 11:04 PM
-- Server version: 5.7.18-0ubuntu0.16.04.1
-- PHP Version: 7.0.15-0ubuntu0.16.04.4

SET SQL_MODE = "NO_AUTO_VALUE_ON_ZERO";
SET time_zone = "+00:00";


/*!40101 SET @OLD_CHARACTER_SET_CLIENT=@@CHARACTER_SET_CLIENT */;
/*!40101 SET @OLD_CHARACTER_SET_RESULTS=@@CHARACTER_SET_RESULTS */;
/*!40101 SET @OLD_COLLATION_CONNECTION=@@COLLATION_CONNECTION */;
/*!40101 SET NAMES utf8mb4 */;

--
-- Database: `Mwaslaty`
--

-- --------------------------------------------------------

--
-- Table structure for table `Buses`
--

CREATE TABLE `Buses` (
  `ID` int(11) NOT NULL,
  `name` varchar(50) COLLATE utf8_unicode_ci NOT NULL,
  `cost` float DEFAULT NULL
) ENGINE=InnoDB DEFAULT CHARSET=utf8 COLLATE=utf8_unicode_ci;

--
-- Dumping data for table `Buses`
--

INSERT INTO `Buses` (`ID`, `name`, `cost`) VALUES
(1, '1062 ', 2),
(2, '1092 ', 2),
(3, '1079 ', 2),
(4, '1072 ', 2),
(5, '1073 ', 2),
(6, '1074 ', 2),
(7, '1081 ', 2),
(8, '1080 ', 2),
(9, '1067 ', 2),
(10, '1065 ', 2),
(11, '1066 ', 2),
(12, '27 ', 2),
(13, '17 ', 2),
(14, '401 ', 2),
(15, '69 ', 2),
(16, '72 ', 2),
(17, '82 ', 2),
(18, '998 ', 2),
(19, '1 ', 2),
(20, '11 ', 2),
(21, '12 ', 2),
(22, '174 ', 2),
(23, '176 ', 2),
(24, '202 ', 2),
(25, '210 ', 2),
(26, '216 ', 2),
(27, '24 ', 2),
(28, '3 ', 2),
(29, '300 ', 2),
(30, '31 ', 2),
(31, '333 ', 2),
(32, '35 ', 2),
(33, '400 ', 2),
(35, '41 ', 2),
(36, '44 ', 2),
(37, '46 ', 2),
(38, '500 ', 2),
(39, '54 ', 2),
(40, '567 ', 2),
(41, '60 ', 2),
(42, '62 ', 2),
(44, '73 ', 2),
(45, '8 ', 2),
(46, '80 ', 2),
(47, '817 ', 2),
(49, '878 ', 2),
(50, '919 ', 2),
(51, '920 ', 2),
(52, '927 ', 2),
(53, '932 ', 2),
(54, '940 ', 2),
(55, '941 ', 2),
(56, '943 ', 2),
(57, '945 ', 2),
(58, '950 ', 2),
(59, '956 ', 2),
(60, '969 ', 2),
(61, '973 ', 2),
(62, '979 ', 2),
(63, '994 ', 2),
(68, '1 ط ', 2),
(69, '10 نقل جماعى ', 2),
(70, '10 ج ', 2),
(71, '105 هـ ', 2),
(72, '106 ', 2),
(73, '107 ', 2),
(75, '108 مينى باص ', 2),
(76, '109 ', 2),
(79, '11 ط ', 2),
(80, '110 ', 2),
(81, '114 ', 2),
(82, '114 هـ ', 2),
(83, '115 ', 2),
(84, '116 ', 2),
(86, '11 ج ', 2),
(87, '11 مكيف نقل جماعى ', 2),
(90, '12 ج ', 2),
(91, '12 ترام ', 2),
(92, '120 ', 2),
(93, '120 نقل جماعى ', 2),
(94, '121 ', 2),
(95, '121 نقل جماعى ', 2),
(96, '122 ', 2),
(97, '122 هـ ', 2),
(98, '123 ', 2),
(99, '123 مينى باص ', 2),
(100, '123 هـ ', 2),
(101, '124 ', 2),
(102, '124 هـ نقل جماعى ', 2),
(103, '125 نقل جماعى ', 2),
(104, '125 ش القاهرة ', 2),
(105, '126 نقل جماعى ', 2),
(106, '128هـ نقل جماعى ', 2),
(107, '129 هـ نقل جماعى ', 2),
(109, '12مكيف نقل جماعى ', 2),
(110, '130 ', 2),
(111, '131 مينى باص ', 2),
(112, '132 ', 2),
(113, '132 هـ ', 2),
(114, '134 ', 2),
(116, '134 هـ نقل جماعى ', 2),
(117, '135 هـ نقل جماعى ', 2),
(118, '136 نقل جماعى ', 2),
(119, '13 ج ', 2),
(120, '13 مكيف نقل جماعى ', 2),
(121, '14 ج ', 2),
(123, '14 م ', 2),
(124, '14 مكيف نقل جماعى ', 2),
(125, '15 ', 2),
(126, '15 نقل جماعى ', 2),
(127, '150 مينى باص ', 2),
(128, '150 هـ نقل جماعى ', 2),
(129, '151 نقل جماعى ', 2),
(130, '152 نقل جماعى ', 2),
(131, '153 نقل جماعى ', 2),
(132, '154 مينى باص ', 2),
(133, '155 ', 2),
(134, '155 مينى باص ', 2),
(135, '156 هـ نقل جماعى ', 2),
(136, '157 ', 2),
(137, '157 نقل جماعى ', 2),
(138, '158 ', 2),
(139, '159 ', 2),
(140, '15 ج ', 2),
(141, '16 ', 2),
(142, '16 نقل جماعى ', 2),
(143, '16 ج ', 2),
(144, '160 ', 2),
(145, '160 نقل جماعى ', 2),
(147, '165 نقل جماعى ', 2),
(148, '166 نقل جماعى ', 2),
(150, '17 نقل جماعى ', 2),
(151, '17 ط ', 2),
(152, '170 ', 2),
(154, '175 ', 2),
(156, '178 ', 2),
(157, '179 ', 2),
(158, '17 ج ', 2),
(159, '18 ', 2),
(160, '18 نقل جماعى ', 2),
(161, '180 نقل جماعى ', 2),
(162, '181 نقل جماعى ', 2),
(163, '182 ', 2),
(164, '182 نقل جماعى ', 2),
(165, '183 مينى باص ', 2),
(166, '184 نقل جماعى ', 2),
(167, '19 ', 2),
(168, '19 نقل جماعى ', 2),
(169, '19 ج ', 2),
(170, '190 ', 2),
(171, '195 نقل جماعى ', 2),
(172, '196 ', 2),
(174, '1 ج ', 2),
(175, '2 نقل جماعى ', 2),
(176, '2 ج نزهه ', 2),
(177, '2 ج مسلة ', 2),
(178, '20 ', 2),
(179, '20 ج ', 2),
(180, '20 مينى باص ', 2),
(181, '20 هـ نقل جماعى ', 2),
(182, '200 ', 2),
(183, '201 ش القاهرة ', 2),
(184, '203 ش القاهرة ', 2),
(185, '20ج ', 2),
(186, '21 ', 2),
(188, '21 مينى باص ', 2),
(190, '211 ', 2),
(191, '212 ', 2),
(192, '213 ', 2),
(193, '214 ', 2),
(194, '215 ', 2),
(197, '217 ', 2),
(198, '218 ', 2),
(199, '219 ', 2),
(200, '21 ج ', 2),
(201, '21 هـ نقل جماعى ', 2),
(202, '22 نقل جماعى ', 2),
(203, '22 ج ', 2),
(204, '23 ج ', 2),
(205, '23 نقل جماعى ', 2),
(206, '23 مينى باص ', 2),
(209, '24 ط ', 2),
(210, '24 نقل جماعى ', 2),
(212, '24 ج ', 2),
(213, '25 نقل جماعى ', 2),
(214, '250 ', 2),
(215, '26 ', 2),
(216, '26 ج ', 2),
(218, '27 مينى باص ', 2),
(219, '27 ج ', 2),
(220, '28 ', 2),
(221, '28 ط ', 2),
(222, '28 ج ', 2),
(223, '29 ج ', 2),
(224, '290 ', 2),
(226, '2 ج ', 2),
(227, '3 نقل جماعى ', 2),
(228, '3 ج ', 2),
(229, '30 ', 2),
(230, '30 ج ', 2),
(231, '30 نقل جماعى ', 2),
(232, '30 مينى باص ', 2),
(235, '301 نقل جماعى ', 2),
(236, '302 نقل جماعى ', 2),
(237, '302 ش القاهرة ', 2),
(238, '303 نقل جماعى ', 2),
(239, '304 نقل جماعى ', 2),
(240, '305 نقل جماعى ', 2),
(241, '305 ش القاهرة ', 2),
(242, '306 نقل جماعى ', 2),
(243, '306 ش القاهرة ', 2),
(245, '307 نقل جماعى ', 2),
(246, '308 نقل جماعى ', 2),
(247, '309 نقل جماعى ', 2),
(249, '30 هـ نقل جماعى ', 2),
(251, '31 نقل جماعى ', 2),
(252, '31 ج ', 2),
(253, '31 مينى باص ', 2),
(254, '310 نقل جماعى ', 2),
(255, '311 نقل جماعى ', 2),
(256, '312 ', 2),
(257, '312 نقل جماعى ', 2),
(258, '313 نقل جماعى ', 2),
(259, '314 نقل جماعى ', 2),
(260, '314 ش القاهرة ', 2),
(261, '315 ', 2),
(262, '315 نقل جماعى ', 2),
(263, '318 ', 2),
(265, '32 نقل جماعى ', 2),
(266, '32 ترام ', 2),
(267, '32 مينى باص ', 2),
(268, '320 ', 2),
(269, '321 ', 2),
(270, '322 ', 2),
(271, '328 ', 2),
(272, '32 هـ نقل جماعى ', 2),
(273, '33 ', 2),
(274, '33 ط ', 2),
(275, '33 ترام ', 2),
(276, '33 مينى باص ', 2),
(277, '330 ', 2),
(278, '331 ', 2),
(281, '335 ', 2),
(282, '336 ', 2),
(283, '337 ', 2),
(284, '338 ', 2),
(285, '339 ', 2),
(286, '33 ج ', 2),
(287, '33 هـ نقل جماعى ', 2),
(288, '34 نقل جماعى ', 2),
(289, '34 ط ', 2),
(292, '34 ج ', 2),
(294, '340 ', 2),
(295, '341 ', 2),
(296, '342 ', 2),
(297, '344 ', 2),
(298, '345 ', 2),
(299, '346 ', 2),
(300, '347 ', 2),
(301, '348 ', 2),
(302, '349 ', 2),
(306, '35 ط ', 2),
(307, '35 مينى باص ', 2),
(308, '350 ', 2),
(309, '35 ج ', 2),
(310, '36 ', 2),
(311, '36 نقل جماعى ', 2),
(312, '36 ج ', 2),
(313, '36 ترام ', 2),
(315, '37 ج ', 2),
(317, '39 ', 2),
(318, '39 مينى باص ', 2),
(320, '39 هـ نقل جماعى ', 2),
(322, '4 ', 2),
(323, '4 نقل جماعى ', 2),
(324, '4 ط ', 2),
(325, '40 ترام ', 2),
(331, '403 ش القاهرة ', 2),
(332, '406 ش القاهرة ', 2),
(333, '407 ', 2),
(334, '409 ش القاهرة ', 2),
(335, '40 هـ نقل جماعى ', 2),
(338, '41 ترام ', 2),
(339, '411 ش القاهرة ', 2),
(340, '412 ', 2),
(341, '413 ', 2),
(342, '414 ', 2),
(343, '41 هـ نقل جماعى »»»مساكن عثمان ', 2),
(344, '42 ترام ', 2),
(345, '43 ', 2),
(346, '43 ترام ', 2),
(347, '430 ', 2),
(348, '431 ش القاهرة ', 2),
(349, '432 ش القاهرة ', 2),
(350, '433 ش القاهرة ', 2),
(351, '434 ', 2),
(352, '435 ', 2),
(355, '44 ترام ', 2),
(356, '440 ش القاهرة ', 2),
(357, '442 ش القاهرة ', 2),
(358, '443 ش القاهرة ', 2),
(359, '444 ش القاهرة ', 2),
(360, '445 ش القاهرة ', 2),
(361, '448 ش القاهرة ', 2),
(362, '45 ', 2),
(363, '45 مينى باص ', 2),
(364, '450 ش القاهرة ', 2),
(367, '46 مينى باص ', 2),
(368, '47 ', 2),
(369, '47 مينى باص ', 2),
(370, '48 ', 2),
(371, '48 مينى باص ', 2),
(372, '49 مينى باص ', 2),
(373, '4 ج ', 2),
(374, '5 نقل جماعى ', 2),
(375, '5 ط ', 2),
(376, '5 ترام ', 2),
(377, '50 مينى باص ', 2),
(380, '51 ', 2),
(381, '51 مينى باص ', 2),
(382, '510 ', 2),
(383, '52 مينى باص ', 2),
(384, '529 ', 2),
(385, '53 ', 2),
(388, '55 ', 2),
(389, '55 مينى باص ', 2),
(390, '550 ', 2),
(391, '555 ', 2),
(392, '56 مينى باص ', 2),
(393, '562 ', 2),
(394, '563 ', 2),
(395, '564 ', 2),
(396, '565 ', 2),
(397, '566 ', 2),
(399, '568 ', 2),
(400, '56 هـ نقل جماعى ', 2),
(401, '57 ', 2),
(402, '570 ', 2),
(403, '58 ', 2),
(404, '58 مينى باص ', 2),
(405, '58 هـ نقل جماعى ', 2),
(406, '59 ', 2),
(407, '5 ج ', 2),
(408, '6 ', 2),
(409, '6 نقل جماعى ', 2),
(411, '60 نقل جماعى ', 2),
(413, '60 مينى باص ', 2),
(414, '600 ', 2),
(415, '61 مينى باص ', 2),
(416, '611 ', 2),
(418, '62 نقل جماعى ', 2),
(419, '62 مينى باص ', 2),
(420, '63 ', 2),
(421, '64 ', 2),
(422, '65 ', 2),
(423, '65 م ', 2),
(425, '66 ', 2),
(426, '666 ', 2),
(427, '67 ', 2),
(428, '68 مينى باص ', 2),
(431, '6 ج ', 2),
(432, '7 ', 2),
(433, '7 نقل جماعى ', 2),
(434, '70 مينى باص ', 2),
(435, '700 ', 2),
(436, '701 ش القاهرة ', 2),
(437, '702 ش القاهرة ', 2),
(438, '703 ش القاهرة ', 2),
(439, '704 ش القاهرة ', 2),
(440, '705 ش القاهرة ', 2),
(441, '706 ش القاهرة ', 2),
(442, '709 ش القاهرة ', 2),
(443, '71 ', 2),
(444, '710 ', 2),
(450, '732 ش القاهرة ', 2),
(451, '733 ش القاهرة ', 2),
(452, '74 ', 2),
(453, '743 ش القاهرة ', 2),
(454, '746 ش القاهرة ', 2),
(455, '75 نقل جماعى ', 2),
(456, '75 مينى باص ', 2),
(457, '750 ش القاهرة ', 2),
(458, '757 ش القاهرة ', 2),
(459, '758 ش القاهرة ', 2),
(460, '759 ش القاهرة ', 2),
(462, '76 نقل جماعى ', 2),
(463, '760 ش القاهرة ', 2),
(464, '77 نقل جماعى ', 2),
(465, '77 مينى باص ', 2),
(466, '770 ش القاهرة ', 2),
(467, '771 ش القاهرة ', 2),
(468, '772 ش القاهرة ', 2),
(469, '777 ', 2),
(470, '78 ', 2),
(471, '78 نقل جماعى ', 2),
(472, '79 نقل جماعى ', 2),
(473, '790 ش القاهرة ', 2),
(474, '791 ش القاهرة ', 2),
(475, '792 ش القاهرة ', 2),
(477, '793 ش القاهرة ', 2),
(478, '794 ش القاهرة ', 2),
(479, '795 ش القاهرة ', 2),
(480, '7 ج ', 2),
(482, '8 نقل جماعى ', 2),
(484, '80 نقل جماعى ', 2),
(486, '800 ', 2),
(487, '803 ش القاهرة ', 2),
(489, '81 نقل جماعى ', 2),
(490, '810 ', 2),
(491, '811 ', 2),
(492, '812 ', 2),
(493, '814 ', 2),
(494, '815 ', 2),
(497, '818 ', 2),
(501, '82 مينى باص ', 2),
(502, '820 ', 2),
(503, '824 ', 2),
(504, '825 ', 2),
(505, '828 ', 2),
(506, '83 ', 2),
(507, '83 مينى باص ', 2),
(508, '831 ', 2),
(509, '833 ', 2),
(510, '837 ', 2),
(511, '84 مينى باص ', 2),
(512, '840 ', 2),
(513, '85 ', 2),
(514, '85 نقل جماعى ', 2),
(515, '855 ', 2),
(516, '86 ', 2),
(517, '86 نقل جماعى ', 2),
(518, '865 ', 2),
(519, '869 ', 2),
(520, '87 ', 2),
(523, '88 ', 2),
(524, '888 ', 2),
(525, '8 ج ', 2),
(526, '9 ', 2),
(527, '9 نقل جماعى ', 2),
(528, '90 نقل جماعى ', 2),
(529, '90 مينى باص ', 2),
(530, '900 ', 2),
(531, '903 ', 2),
(532, '909 ش القاهرة ', 2),
(533, '910 ', 2),
(534, '911 ', 2),
(535, '912 ', 2),
(536, '913 ', 2),
(537, '914 ', 2),
(538, '915 ', 2),
(539, '916 ', 2),
(540, '917 ', 2),
(541, '918 ', 2),
(546, '921 ', 2),
(547, '922 ', 2),
(548, '923 ', 2),
(549, '924 ', 2),
(550, '925 ', 2),
(551, '926 ', 2),
(554, '93 مينى باص ', 2),
(556, '93 هـ نقل جماعى ', 2),
(557, '930 ', 2),
(558, '931 ', 2),
(561, '933 ', 2),
(562, '934 ', 2),
(563, '935 ', 2),
(564, '936 ', 2),
(565, '937 ', 2),
(566, '938 ', 2),
(567, '939 ', 2),
(569, '94 ', 2),
(570, '94 مينى باص ', 2),
(575, '942 ', 2),
(578, '944 ', 2),
(581, '946 ', 2),
(582, '947 ', 2),
(583, '948 ', 2),
(584, '949 ', 2),
(585, '95 ', 2),
(586, '95 نقل جماعى ', 2),
(589, '951 ', 2),
(590, '952 ', 2),
(591, '953 ', 2),
(592, '954 ', 2),
(593, '955 ', 2),
(596, '957 ', 2),
(597, '958 ', 2),
(598, '959 ', 2),
(599, '96 ', 2),
(601, '962 ', 2),
(602, '966 ش القاهرة ', 2),
(603, '967 ', 2),
(604, '968 ', 2),
(607, '970 ', 2),
(608, '971 ', 2),
(609, '972 ', 2),
(612, '975 ', 2),
(613, '976 ', 2),
(614, '977 ', 2),
(615, '978 ', 2),
(618, '980 ', 2),
(619, '981 ', 2),
(620, '982 ', 2),
(621, '984 ', 2),
(622, '985 ', 2),
(623, '986 ', 2),
(624, '987 ', 2),
(625, '988 ', 2),
(626, '989 ', 2),
(627, '990 ', 2),
(628, '991 ', 2),
(629, '992 ', 2),
(630, '993 ', 2),
(632, '995 ', 2),
(633, '996 ', 2),
(634, '997 ', 2),
(638, '999 ', 2),
(639, '9 ج ', 2);

-- --------------------------------------------------------

--
-- Table structure for table `Bus_stations`
--

CREATE TABLE `Bus_stations` (
  `bus_id` int(11) NOT NULL,
  `station_id` int(11) NOT NULL
) ENGINE=InnoDB DEFAULT CHARSET=utf8 COLLATE=utf8_unicode_ci;

--
-- Dumping data for table `Bus_stations`
--

INSERT INTO `Bus_stations` (`bus_id`, `station_id`) VALUES
(1, 88),
(1, 423),
(2, 19),
(2, 281),
(3, 202),
(3, 423),
(4, 54),
(4, 341),
(5, 306),
(5, 341),
(6, 232),
(6, 251),
(7, 131),
(7, 391),
(8, 152),
(8, 423),
(9, 185),
(9, 607),
(10, 117),
(10, 634),
(11, 19),
(11, 607),
(12, 122),
(12, 226),
(12, 306),
(12, 346),
(12, 423),
(13, 255),
(13, 286),
(13, 313),
(13, 433),
(13, 485),
(14, 43),
(14, 51),
(14, 66),
(14, 67),
(14, 70),
(14, 164),
(14, 185),
(14, 200),
(14, 238),
(14, 346),
(14, 378),
(14, 381),
(14, 406),
(14, 433),
(14, 577),
(15, 116),
(15, 120),
(15, 123),
(15, 181),
(15, 185),
(15, 317),
(15, 346),
(15, 358),
(15, 410),
(15, 416),
(15, 433),
(15, 601),
(16, 81),
(16, 91),
(16, 92),
(16, 159),
(16, 160),
(16, 163),
(16, 164),
(16, 346),
(16, 399),
(16, 405),
(16, 424),
(16, 429),
(16, 505),
(16, 522),
(16, 523),
(17, 32),
(17, 59),
(17, 73),
(17, 134),
(17, 196),
(17, 285),
(17, 286),
(17, 292),
(17, 301),
(17, 423),
(17, 429),
(17, 454),
(17, 458),
(17, 502),
(17, 503),
(17, 587),
(17, 620),
(17, 621),
(18, 42),
(18, 43),
(18, 50),
(18, 183),
(18, 269),
(18, 410),
(18, 416),
(18, 421),
(18, 423),
(18, 546),
(18, 572),
(18, 605),
(19, 39),
(19, 158),
(19, 180),
(19, 182),
(19, 232),
(19, 245),
(19, 255),
(19, 264),
(19, 267),
(19, 268),
(19, 314),
(19, 398),
(19, 549),
(19, 556),
(19, 638),
(20, 134),
(20, 158),
(20, 239),
(20, 266),
(20, 268),
(20, 286),
(20, 314),
(20, 454),
(21, 7),
(21, 10),
(21, 101),
(21, 103),
(21, 162),
(21, 196),
(21, 314),
(21, 325),
(21, 489),
(21, 615),
(22, 42),
(22, 43),
(22, 63),
(22, 66),
(22, 160),
(22, 200),
(22, 292),
(23, 18),
(23, 104),
(23, 156),
(23, 390),
(23, 433),
(24, 21),
(24, 263),
(24, 322),
(24, 433),
(24, 485),
(25, 185),
(25, 202),
(25, 203),
(25, 390),
(25, 391),
(25, 433),
(25, 464),
(25, 465),
(26, 145),
(26, 149),
(26, 232),
(26, 412),
(26, 464),
(26, 597),
(26, 641),
(27, 4),
(27, 42),
(27, 43),
(27, 201),
(27, 390),
(27, 396),
(27, 423),
(27, 433),
(27, 488),
(28, 77),
(28, 101),
(28, 306),
(28, 573),
(29, 223),
(29, 292),
(29, 346),
(29, 420),
(29, 433),
(29, 456),
(29, 594),
(29, 600),
(30, 90),
(30, 99),
(30, 142),
(30, 146),
(30, 284),
(30, 346),
(30, 425),
(31, 61),
(31, 101),
(31, 245),
(31, 300),
(31, 345),
(31, 378),
(31, 472),
(31, 627),
(32, 90),
(32, 113),
(32, 118),
(32, 124),
(32, 324),
(32, 416),
(32, 449),
(32, 456),
(32, 516),
(32, 517),
(32, 567),
(33, 90),
(33, 214),
(33, 226),
(33, 250),
(33, 292),
(33, 416),
(33, 422),
(33, 425),
(33, 435),
(33, 581),
(33, 602),
(35, 223),
(35, 230),
(35, 254),
(35, 292),
(35, 328),
(35, 416),
(35, 430),
(35, 433),
(35, 447),
(35, 457),
(35, 594),
(35, 600),
(36, 113),
(36, 144),
(36, 356),
(36, 416),
(36, 423),
(36, 430),
(36, 433),
(36, 456),
(36, 462),
(36, 492),
(36, 600),
(37, 346),
(37, 416),
(37, 423),
(37, 430),
(37, 433),
(37, 446),
(37, 447),
(37, 492),
(37, 566),
(37, 567),
(37, 600),
(38, 105),
(38, 214),
(38, 250),
(38, 416),
(38, 423),
(38, 430),
(38, 433),
(38, 628),
(38, 642),
(39, 134),
(39, 181),
(39, 208),
(39, 209),
(39, 286),
(39, 335),
(39, 346),
(39, 416),
(39, 433),
(39, 445),
(39, 576),
(40, 255),
(40, 314),
(40, 507),
(40, 510),
(40, 607),
(41, 22),
(41, 117),
(41, 121),
(41, 181),
(41, 270),
(41, 357),
(41, 358),
(41, 406),
(41, 415),
(41, 416),
(41, 647),
(42, 41),
(42, 105),
(42, 117),
(42, 118),
(42, 121),
(42, 122),
(42, 252),
(42, 270),
(42, 309),
(42, 317),
(42, 354),
(42, 356),
(42, 410),
(42, 416),
(42, 456),
(42, 647),
(44, 5),
(44, 78),
(44, 270),
(44, 416),
(44, 460),
(44, 611),
(44, 635),
(45, 101),
(45, 106),
(45, 196),
(45, 221),
(45, 260),
(45, 411),
(45, 416),
(45, 424),
(45, 483),
(45, 484),
(45, 558),
(45, 587),
(46, 84),
(46, 131),
(46, 311),
(46, 354),
(46, 358),
(46, 535),
(46, 555),
(46, 601),
(47, 1),
(47, 2),
(47, 4),
(47, 137),
(47, 168),
(47, 296),
(47, 347),
(47, 390),
(47, 396),
(47, 432),
(47, 494),
(47, 519),
(47, 588),
(47, 589),
(49, 17),
(49, 62),
(49, 138),
(49, 139),
(49, 171),
(49, 201),
(49, 270),
(49, 346),
(49, 416),
(49, 559),
(49, 564),
(49, 570),
(49, 635),
(50, 52),
(50, 160),
(50, 250),
(50, 304),
(50, 306),
(50, 406),
(50, 416),
(50, 540),
(50, 543),
(51, 391),
(51, 423),
(51, 424),
(51, 464),
(51, 502),
(51, 503),
(51, 596),
(51, 603),
(52, 230),
(52, 291),
(52, 391),
(52, 392),
(52, 396),
(52, 440),
(52, 576),
(52, 588),
(52, 631),
(53, 20),
(53, 52),
(53, 57),
(53, 72),
(53, 105),
(53, 416),
(53, 537),
(53, 544),
(54, 153),
(54, 154),
(54, 346),
(54, 414),
(54, 416),
(54, 423),
(54, 425),
(54, 541),
(54, 542),
(55, 5),
(55, 254),
(55, 324),
(55, 376),
(55, 416),
(55, 598),
(56, 90),
(56, 157),
(56, 254),
(56, 284),
(56, 364),
(56, 425),
(56, 551),
(57, 84),
(57, 130),
(57, 131),
(57, 273),
(57, 306),
(57, 324),
(57, 416),
(57, 514),
(57, 583),
(58, 56),
(58, 105),
(58, 131),
(58, 153),
(58, 155),
(58, 250),
(58, 343),
(58, 410),
(58, 433),
(58, 513),
(58, 540),
(59, 142),
(59, 209),
(59, 230),
(59, 284),
(59, 443),
(59, 444),
(59, 554),
(59, 576),
(60, 179),
(60, 180),
(60, 320),
(60, 344),
(60, 410),
(60, 415),
(60, 416),
(60, 574),
(60, 592),
(60, 601),
(61, 105),
(61, 254),
(61, 376),
(61, 416),
(61, 433),
(62, 7),
(62, 15),
(62, 159),
(62, 161),
(62, 162),
(62, 196),
(62, 240),
(62, 314),
(62, 469),
(62, 475),
(63, 101),
(63, 158),
(63, 223),
(63, 295),
(63, 493),
(63, 633),
(68, 416),
(68, 423),
(68, 482),
(69, 358),
(69, 562),
(70, 164),
(70, 346),
(70, 370),
(70, 416),
(70, 566),
(70, 567),
(71, 90),
(71, 406),
(71, 639),
(72, 245),
(72, 433),
(73, 185),
(73, 245),
(73, 549),
(75, 101),
(75, 238),
(76, 13),
(76, 424),
(79, 3),
(79, 416),
(80, 18),
(80, 245),
(81, 245),
(81, 472),
(82, 167),
(82, 292),
(83, 403),
(83, 424),
(84, 424),
(84, 469),
(84, 475),
(84, 627),
(86, 157),
(86, 328),
(86, 366),
(86, 396),
(86, 416),
(87, 232),
(87, 328),
(87, 628),
(90, 112),
(90, 182),
(90, 230),
(90, 416),
(90, 643),
(91, 57),
(91, 157),
(92, 94),
(92, 334),
(93, 17),
(93, 346),
(93, 358),
(94, 79),
(94, 94),
(95, 286),
(95, 416),
(95, 444),
(96, 244),
(96, 314),
(97, 284),
(97, 331),
(98, 25),
(98, 94),
(99, 329),
(99, 583),
(100, 328),
(101, 245),
(101, 423),
(102, 416),
(102, 579),
(103, 416),
(103, 444),
(103, 480),
(103, 634),
(104, 329),
(104, 548),
(105, 232),
(105, 328),
(105, 358),
(106, 328),
(106, 423),
(106, 438),
(107, 328),
(107, 433),
(107, 438),
(109, 223),
(109, 358),
(110, 423),
(110, 567),
(111, 416),
(111, 582),
(112, 225),
(112, 386),
(112, 423),
(113, 7),
(113, 292),
(114, 18),
(114, 43),
(114, 306),
(114, 382),
(114, 423),
(114, 505),
(116, 264),
(116, 416),
(116, 433),
(117, 31),
(117, 164),
(117, 444),
(118, 70),
(118, 101),
(118, 358),
(118, 617),
(119, 101),
(119, 178),
(119, 314),
(119, 352),
(119, 405),
(120, 180),
(120, 264),
(120, 367),
(120, 583),
(121, 101),
(121, 233),
(121, 290),
(121, 314),
(121, 333),
(121, 352),
(121, 503),
(123, 121),
(123, 386),
(123, 416),
(123, 432),
(124, 7),
(124, 182),
(124, 264),
(125, 42),
(125, 43),
(125, 135),
(125, 314),
(125, 403),
(126, 208),
(126, 346),
(126, 433),
(127, 18),
(127, 59),
(128, 17),
(128, 65),
(128, 185),
(129, 43),
(129, 182),
(129, 219),
(130, 120),
(130, 219),
(131, 213),
(131, 219),
(131, 226),
(132, 81),
(132, 423),
(133, 283),
(133, 590),
(134, 355),
(134, 423),
(135, 160),
(135, 433),
(135, 439),
(136, 27),
(136, 232),
(136, 501),
(137, 150),
(137, 241),
(138, 137),
(138, 432),
(138, 464),
(138, 588),
(139, 110),
(139, 232),
(139, 432),
(139, 588),
(140, 134),
(140, 143),
(140, 332),
(140, 487),
(140, 627),
(141, 255),
(141, 313),
(141, 420),
(141, 490),
(141, 620),
(142, 43),
(142, 416),
(142, 584),
(143, 182),
(143, 216),
(143, 217),
(143, 333),
(143, 410),
(143, 491),
(143, 503),
(144, 43),
(144, 59),
(144, 159),
(144, 200),
(144, 405),
(144, 424),
(145, 189),
(145, 416),
(145, 562),
(147, 81),
(147, 128),
(147, 143),
(147, 164),
(148, 136),
(148, 228),
(148, 405),
(148, 634),
(150, 164),
(150, 254),
(150, 309),
(151, 81),
(151, 245),
(152, 18),
(152, 242),
(154, 255),
(154, 416),
(154, 433),
(154, 485),
(154, 645),
(156, 42),
(156, 43),
(156, 346),
(156, 358),
(156, 410),
(156, 416),
(156, 419),
(157, 309),
(157, 354),
(157, 358),
(157, 415),
(157, 460),
(157, 600),
(158, 81),
(158, 94),
(158, 160),
(158, 164),
(158, 246),
(159, 42),
(159, 158),
(159, 266),
(159, 485),
(159, 504),
(160, 529),
(160, 572),
(161, 120),
(161, 205),
(161, 223),
(162, 205),
(162, 232),
(162, 341),
(162, 541),
(163, 58),
(163, 59),
(163, 134),
(163, 159),
(163, 200),
(163, 292),
(163, 360),
(163, 402),
(163, 403),
(164, 70),
(164, 182),
(164, 305),
(164, 545),
(165, 185),
(165, 630),
(166, 90),
(166, 101),
(166, 120),
(166, 617),
(167, 134),
(167, 433),
(167, 490),
(167, 620),
(167, 646),
(168, 70),
(168, 349),
(168, 358),
(169, 30),
(169, 122),
(169, 181),
(169, 218),
(169, 230),
(170, 104),
(170, 131),
(170, 266),
(170, 298),
(170, 433),
(171, 42),
(171, 236),
(171, 333),
(171, 423),
(172, 204),
(172, 228),
(172, 247),
(172, 314),
(172, 614),
(174, 181),
(174, 346),
(174, 416),
(174, 420),
(174, 480),
(175, 9),
(175, 223),
(175, 433),
(176, 252),
(176, 309),
(177, 223),
(177, 309),
(178, 266),
(178, 306),
(178, 308),
(178, 384),
(178, 646),
(179, 59),
(179, 478),
(180, 400),
(180, 433),
(181, 214),
(181, 328),
(181, 433),
(182, 28),
(182, 158),
(182, 271),
(182, 277),
(182, 433),
(183, 36),
(183, 391),
(184, 286),
(184, 612),
(185, 58),
(185, 164),
(185, 270),
(185, 406),
(186, 106),
(186, 137),
(186, 160),
(186, 164),
(186, 165),
(186, 260),
(186, 292),
(186, 348),
(186, 390),
(186, 411),
(186, 505),
(186, 587),
(188, 433),
(188, 628),
(190, 386),
(190, 389),
(190, 418),
(190, 423),
(190, 464),
(190, 465),
(190, 502),
(190, 597),
(191, 11),
(191, 186),
(191, 203),
(191, 391),
(191, 433),
(192, 26),
(192, 29),
(192, 80),
(192, 158),
(192, 277),
(193, 255),
(193, 292),
(193, 424),
(193, 497),
(193, 607),
(194, 391),
(194, 394),
(194, 423),
(194, 424),
(194, 464),
(194, 503),
(197, 109),
(197, 110),
(197, 188),
(197, 394),
(197, 408),
(197, 498),
(198, 5),
(198, 231),
(198, 235),
(198, 278),
(198, 279),
(198, 416),
(198, 462),
(199, 48),
(199, 232),
(199, 373),
(199, 464),
(199, 560),
(199, 597),
(200, 294),
(200, 328),
(200, 369),
(200, 390),
(200, 587),
(201, 433),
(201, 515),
(201, 637),
(202, 160),
(202, 164),
(202, 645),
(203, 134),
(203, 143),
(203, 241),
(203, 314),
(203, 485),
(204, 56),
(204, 81),
(204, 164),
(204, 333),
(204, 410),
(204, 476),
(205, 136),
(205, 416),
(205, 459),
(205, 472),
(206, 365),
(206, 583),
(209, 121),
(209, 131),
(209, 309),
(210, 123),
(210, 309),
(210, 521),
(210, 524),
(212, 84),
(212, 117),
(212, 131),
(212, 309),
(212, 410),
(213, 8),
(213, 70),
(213, 572),
(214, 29),
(214, 84),
(214, 204),
(214, 210),
(214, 390),
(214, 433),
(214, 613),
(215, 32),
(215, 306),
(215, 391),
(215, 392),
(215, 416),
(215, 420),
(215, 423),
(215, 433),
(215, 502),
(215, 503),
(215, 518),
(216, 196),
(216, 307),
(216, 379),
(216, 416),
(216, 433),
(218, 423),
(218, 602),
(219, 118),
(219, 196),
(219, 292),
(219, 306),
(219, 416),
(220, 18),
(220, 34),
(220, 40),
(220, 42),
(220, 43),
(220, 201),
(220, 423),
(221, 43),
(221, 310),
(221, 416),
(222, 37),
(222, 346),
(222, 410),
(222, 416),
(222, 477),
(223, 86),
(223, 101),
(223, 233),
(223, 239),
(223, 314),
(223, 352),
(223, 353),
(224, 43),
(224, 223),
(224, 295),
(224, 390),
(224, 588),
(224, 594),
(226, 181),
(226, 218),
(226, 223),
(226, 324),
(227, 7),
(227, 292),
(227, 562),
(228, 191),
(228, 218),
(228, 410),
(228, 416),
(228, 431),
(228, 586),
(229, 42),
(229, 43),
(229, 134),
(229, 308),
(229, 483),
(229, 484),
(229, 485),
(230, 251),
(230, 252),
(230, 308),
(230, 328),
(230, 346),
(230, 352),
(231, 160),
(231, 356),
(231, 416),
(232, 358),
(232, 423),
(235, 136),
(235, 348),
(235, 609),
(236, 90),
(236, 241),
(236, 628),
(237, 90),
(237, 223),
(238, 64),
(238, 102),
(238, 432),
(238, 627),
(239, 123),
(239, 232),
(239, 468),
(240, 346),
(240, 348),
(240, 456),
(241, 43),
(241, 456),
(242, 341),
(242, 416),
(242, 568),
(243, 76),
(243, 101),
(243, 561),
(245, 105),
(245, 131),
(245, 416),
(245, 512),
(246, 68),
(246, 160),
(246, 569),
(247, 228),
(247, 416),
(249, 358),
(249, 416),
(249, 423),
(251, 131),
(251, 416),
(251, 582),
(252, 36),
(252, 55),
(252, 405),
(252, 453),
(252, 476),
(252, 478),
(252, 503),
(253, 416),
(253, 582),
(254, 90),
(254, 131),
(254, 263),
(255, 292),
(255, 463),
(255, 609),
(256, 205),
(256, 230),
(256, 284),
(256, 297),
(256, 433),
(257, 101),
(257, 223),
(257, 438),
(258, 68),
(258, 160),
(258, 569),
(259, 24),
(259, 105),
(259, 358),
(259, 566),
(260, 16),
(260, 628),
(261, 219),
(261, 416),
(261, 433),
(261, 456),
(261, 499),
(261, 618),
(262, 380),
(262, 432),
(262, 553),
(263, 52),
(263, 219),
(263, 220),
(263, 377),
(263, 447),
(263, 456),
(263, 537),
(265, 358),
(265, 415),
(265, 438),
(266, 401),
(266, 633),
(267, 120),
(267, 423),
(268, 52),
(268, 129),
(268, 177),
(268, 219),
(268, 528),
(268, 537),
(269, 98),
(269, 125),
(269, 199),
(269, 220),
(269, 528),
(270, 53),
(270, 177),
(270, 220),
(270, 539),
(270, 618),
(271, 72),
(271, 539),
(271, 552),
(271, 598),
(271, 628),
(272, 116),
(272, 344),
(272, 426),
(273, 126),
(273, 137),
(273, 276),
(273, 348),
(273, 386),
(273, 390),
(274, 197),
(274, 232),
(275, 57),
(275, 208),
(276, 358),
(276, 433),
(277, 5),
(277, 52),
(277, 90),
(277, 324),
(277, 346),
(277, 420),
(277, 537),
(278, 35),
(278, 108),
(278, 447),
(278, 471),
(278, 536),
(281, 61),
(281, 79),
(281, 101),
(281, 299),
(281, 619),
(281, 627),
(282, 255),
(282, 313),
(282, 420),
(282, 485),
(282, 636),
(283, 61),
(283, 101),
(283, 136),
(283, 423),
(284, 69),
(284, 70),
(284, 159),
(284, 164),
(284, 198),
(284, 319),
(284, 406),
(284, 409),
(285, 182),
(285, 237),
(285, 238),
(285, 309),
(285, 409),
(285, 416),
(286, 90),
(286, 101),
(286, 196),
(286, 232),
(286, 314),
(287, 185),
(287, 358),
(288, 167),
(288, 416),
(288, 438),
(288, 611),
(289, 111),
(289, 232),
(289, 464),
(289, 595),
(289, 622),
(292, 232),
(292, 407),
(292, 413),
(292, 479),
(292, 595),
(292, 596),
(292, 623),
(294, 61),
(294, 101),
(294, 136),
(294, 350),
(294, 425),
(295, 101),
(295, 221),
(295, 222),
(295, 293),
(295, 314),
(295, 318),
(295, 459),
(296, 61),
(296, 101),
(296, 164),
(296, 221),
(296, 222),
(296, 406),
(297, 177),
(297, 254),
(297, 376),
(297, 527),
(297, 532),
(297, 551),
(297, 598),
(298, 61),
(298, 101),
(298, 245),
(298, 374),
(298, 375),
(299, 146),
(299, 192),
(299, 245),
(299, 268),
(299, 358),
(299, 369),
(299, 500),
(300, 105),
(300, 184),
(300, 250),
(300, 416),
(300, 551),
(301, 23),
(301, 177),
(301, 193),
(301, 249),
(301, 358),
(301, 571),
(302, 282),
(302, 378),
(302, 627),
(306, 232),
(306, 464),
(307, 423),
(307, 628),
(308, 118),
(308, 193),
(308, 358),
(308, 416),
(309, 232),
(309, 595),
(309, 622),
(310, 232),
(310, 466),
(310, 557),
(310, 595),
(311, 247),
(311, 459),
(311, 484),
(311, 611),
(312, 94),
(312, 101),
(312, 245),
(312, 314),
(312, 604),
(313, 208),
(313, 230),
(315, 59),
(315, 73),
(315, 164),
(315, 272),
(315, 292),
(315, 314),
(315, 458),
(317, 75),
(317, 76),
(317, 218),
(317, 235),
(317, 328),
(317, 416),
(318, 208),
(318, 314),
(318, 423),
(320, 208),
(320, 423),
(322, 39),
(322, 158),
(322, 245),
(322, 286),
(322, 288),
(322, 314),
(323, 182),
(323, 241),
(324, 218),
(324, 416),
(324, 423),
(325, 107),
(325, 333),
(331, 81),
(331, 341),
(332, 43),
(332, 228),
(333, 37),
(333, 160),
(333, 164),
(333, 259),
(333, 292),
(333, 346),
(334, 43),
(334, 86),
(335, 208),
(335, 416),
(335, 433),
(338, 2),
(338, 107),
(339, 174),
(339, 333),
(340, 182),
(340, 195),
(340, 292),
(340, 346),
(340, 405),
(340, 416),
(340, 502),
(341, 36),
(341, 160),
(341, 162),
(341, 234),
(341, 336),
(341, 404),
(341, 405),
(341, 503),
(342, 36),
(342, 45),
(342, 336),
(342, 405),
(342, 410),
(342, 523),
(343, 328),
(344, 2),
(344, 333),
(345, 230),
(345, 297),
(345, 328),
(345, 416),
(345, 433),
(346, 94),
(346, 107),
(347, 130),
(347, 131),
(347, 160),
(347, 228),
(347, 284),
(347, 458),
(348, 174),
(348, 325),
(349, 43),
(349, 174),
(350, 44),
(350, 519),
(351, 69),
(351, 397),
(351, 405),
(352, 397),
(352, 506),
(352, 530),
(352, 531),
(355, 95),
(355, 519),
(356, 87),
(356, 519),
(357, 248),
(357, 333),
(358, 224),
(358, 333),
(359, 43),
(359, 333),
(360, 86),
(360, 333),
(361, 417),
(361, 519),
(362, 118),
(362, 122),
(362, 141),
(362, 369),
(362, 416),
(362, 433),
(362, 600),
(363, 96),
(363, 416),
(364, 132),
(364, 519),
(367, 84),
(367, 101),
(368, 113),
(368, 251),
(368, 253),
(368, 356),
(368, 416),
(368, 492),
(369, 12),
(369, 43),
(370, 251),
(370, 252),
(370, 303),
(370, 416),
(370, 433),
(370, 434),
(370, 492),
(371, 12),
(371, 632),
(372, 351),
(372, 423),
(373, 127),
(373, 218),
(373, 410),
(373, 416),
(373, 423),
(374, 164),
(374, 416),
(374, 537),
(375, 173),
(375, 424),
(376, 157),
(376, 626),
(377, 43),
(377, 624),
(380, 33),
(380, 328),
(380, 329),
(380, 441),
(380, 446),
(380, 460),
(380, 575),
(380, 576),
(381, 228),
(381, 302),
(382, 90),
(382, 105),
(382, 251),
(382, 252),
(382, 328),
(382, 430),
(383, 405),
(383, 423),
(384, 113),
(384, 134),
(384, 245),
(384, 251),
(384, 253),
(384, 292),
(385, 46),
(385, 105),
(385, 251),
(385, 252),
(385, 328),
(385, 416),
(388, 33),
(388, 112),
(388, 223),
(388, 252),
(388, 509),
(388, 594),
(388, 628),
(389, 100),
(389, 423),
(390, 93),
(390, 328),
(390, 329),
(390, 445),
(390, 451),
(390, 599),
(391, 101),
(391, 164),
(391, 245),
(391, 311),
(391, 467),
(391, 478),
(392, 405),
(392, 433),
(393, 113),
(393, 230),
(393, 289),
(393, 356),
(393, 588),
(393, 602),
(394, 134),
(394, 403),
(394, 423),
(394, 429),
(394, 469),
(394, 470),
(394, 490),
(395, 134),
(395, 187),
(395, 290),
(395, 423),
(395, 428),
(395, 473),
(395, 474),
(396, 29),
(396, 80),
(396, 243),
(396, 504),
(397, 101),
(397, 134),
(397, 189),
(397, 206),
(397, 429),
(399, 207),
(399, 255),
(399, 263),
(399, 433),
(399, 607),
(400, 160),
(400, 185),
(400, 405),
(401, 250),
(401, 416),
(401, 585),
(401, 593),
(401, 647),
(402, 429),
(402, 547),
(402, 634),
(403, 49),
(403, 113),
(403, 185),
(403, 369),
(403, 583),
(404, 43),
(404, 625),
(405, 42),
(405, 247),
(405, 625),
(406, 116),
(406, 120),
(406, 385),
(406, 410),
(406, 416),
(406, 601),
(406, 606),
(407, 101),
(407, 134),
(407, 314),
(407, 424),
(407, 490),
(408, 101),
(408, 185),
(408, 196),
(408, 245),
(408, 433),
(408, 558),
(409, 34),
(409, 280),
(409, 416),
(409, 432),
(411, 105),
(411, 142),
(411, 251),
(413, 131),
(413, 454),
(414, 120),
(414, 286),
(414, 313),
(414, 328),
(414, 346),
(415, 228),
(415, 355),
(416, 309),
(416, 311),
(416, 358),
(416, 416),
(416, 423),
(416, 427),
(418, 123),
(418, 142),
(418, 344),
(419, 81),
(419, 302),
(420, 104),
(420, 191),
(420, 423),
(420, 429),
(420, 433),
(420, 611),
(421, 131),
(421, 191),
(421, 328),
(421, 329),
(421, 337),
(421, 416),
(421, 610),
(422, 19),
(422, 43),
(422, 185),
(422, 273),
(422, 306),
(422, 358),
(422, 406),
(422, 416),
(422, 611),
(423, 306),
(423, 358),
(425, 51),
(425, 104),
(425, 140),
(425, 191),
(425, 423),
(425, 564),
(425, 565),
(426, 84),
(426, 85),
(426, 160),
(426, 196),
(426, 245),
(427, 215),
(427, 223),
(427, 250),
(427, 415),
(427, 481),
(427, 511),
(427, 594),
(428, 151),
(428, 275),
(431, 247),
(431, 306),
(431, 314),
(431, 398),
(431, 550),
(432, 101),
(432, 196),
(432, 371),
(432, 433),
(432, 558),
(433, 131),
(433, 232),
(433, 432),
(433, 434),
(434, 625),
(434, 634),
(435, 117),
(435, 273),
(435, 292),
(435, 416),
(435, 520),
(436, 182),
(436, 228),
(437, 199),
(437, 391),
(438, 289),
(438, 405),
(439, 123),
(439, 228),
(440, 125),
(440, 232),
(441, 391),
(441, 551),
(442, 372),
(442, 416),
(443, 38),
(443, 264),
(443, 265),
(443, 410),
(443, 416),
(443, 427),
(443, 647),
(444, 117),
(444, 121),
(444, 232),
(444, 311),
(444, 346),
(444, 393),
(444, 416),
(450, 71),
(450, 130),
(451, 123),
(451, 289),
(452, 157),
(452, 223),
(452, 328),
(452, 329),
(452, 369),
(452, 450),
(452, 594),
(453, 287),
(453, 519),
(454, 71),
(454, 333),
(455, 164),
(455, 238),
(455, 328),
(455, 461),
(456, 275),
(456, 423),
(457, 101),
(457, 405),
(458, 101),
(458, 172),
(459, 94),
(459, 455),
(460, 2),
(460, 211),
(460, 525),
(462, 29),
(462, 143),
(462, 182),
(462, 580),
(463, 201),
(463, 612),
(464, 232),
(464, 238),
(464, 340),
(465, 285),
(465, 433),
(466, 164),
(466, 628),
(467, 146),
(467, 537),
(468, 119),
(468, 220),
(469, 245),
(469, 328),
(469, 406),
(469, 458),
(469, 460),
(469, 461),
(470, 34),
(470, 42),
(470, 118),
(470, 122),
(470, 171),
(470, 346),
(470, 416),
(471, 131),
(471, 160),
(471, 190),
(472, 81),
(472, 437),
(472, 588),
(473, 6),
(473, 43),
(474, 101),
(474, 580),
(475, 101),
(475, 123),
(475, 423),
(477, 329),
(477, 546),
(478, 101),
(478, 580),
(479, 43),
(479, 101),
(480, 247),
(480, 255),
(480, 266),
(480, 306),
(480, 489),
(482, 164),
(482, 182),
(482, 566),
(484, 43),
(484, 393),
(484, 438),
(486, 83),
(486, 101),
(486, 134),
(486, 325),
(486, 351),
(486, 416),
(486, 495),
(487, 189),
(487, 329),
(487, 629),
(489, 17),
(489, 157),
(489, 358),
(490, 101),
(490, 134),
(490, 189),
(490, 329),
(490, 346),
(490, 452),
(490, 460),
(491, 66),
(491, 67),
(491, 75),
(491, 76),
(491, 284),
(491, 292),
(491, 346),
(492, 101),
(492, 230),
(492, 328),
(492, 338),
(492, 346),
(493, 90),
(493, 134),
(493, 247),
(493, 286),
(493, 306),
(494, 84),
(494, 158),
(494, 292),
(494, 338),
(494, 508),
(497, 59),
(497, 73),
(497, 185),
(497, 348),
(497, 432),
(497, 433),
(497, 502),
(501, 423),
(501, 526),
(502, 101),
(502, 134),
(502, 206),
(502, 232),
(502, 292),
(503, 18),
(503, 73),
(503, 171),
(503, 185),
(503, 212),
(503, 433),
(503, 436),
(504, 137),
(504, 160),
(504, 306),
(504, 348),
(504, 387),
(504, 433),
(504, 436),
(505, 90),
(505, 324),
(505, 346),
(505, 416),
(505, 425),
(505, 583),
(506, 19),
(506, 74),
(506, 200),
(506, 306),
(506, 346),
(506, 433),
(507, 423),
(507, 630),
(508, 31),
(508, 142),
(508, 146),
(508, 273),
(508, 331),
(508, 433),
(508, 579),
(509, 232),
(509, 292),
(509, 627),
(510, 75),
(510, 76),
(510, 194),
(510, 241),
(510, 273),
(510, 433),
(511, 185),
(511, 362),
(512, 160),
(512, 328),
(512, 416),
(512, 433),
(512, 454),
(512, 460),
(513, 104),
(513, 140),
(513, 160),
(513, 166),
(513, 167),
(513, 200),
(513, 399),
(513, 564),
(514, 120),
(514, 322),
(514, 390),
(515, 116),
(515, 123),
(515, 164),
(515, 245),
(515, 311),
(515, 445),
(515, 458),
(516, 74),
(516, 196),
(516, 261),
(516, 292),
(516, 496),
(517, 228),
(517, 238),
(517, 241),
(518, 6),
(518, 104),
(518, 138),
(518, 433),
(519, 97),
(519, 270),
(519, 342),
(519, 416),
(520, 19),
(520, 160),
(520, 292),
(520, 346),
(520, 454),
(520, 505),
(523, 51),
(523, 200),
(523, 328),
(523, 329),
(523, 331),
(523, 416),
(524, 42),
(524, 43),
(524, 83),
(524, 101),
(524, 134),
(524, 245),
(525, 284),
(525, 328),
(525, 390),
(525, 416),
(525, 587),
(526, 42),
(526, 43),
(526, 101),
(526, 245),
(526, 490),
(526, 640),
(527, 131),
(527, 328),
(527, 438),
(528, 363),
(528, 377),
(528, 456),
(528, 554),
(529, 146),
(529, 241),
(530, 61),
(530, 101),
(530, 175),
(530, 196),
(530, 424),
(530, 484),
(531, 6),
(531, 101),
(531, 290),
(531, 314),
(531, 636),
(532, 89),
(532, 256),
(533, 228),
(533, 247),
(533, 266),
(533, 268),
(533, 312),
(533, 316),
(533, 502),
(534, 84),
(534, 160),
(534, 164),
(534, 405),
(534, 502),
(534, 611),
(535, 101),
(535, 117),
(535, 164),
(535, 344),
(535, 361),
(536, 14),
(536, 292),
(536, 308),
(536, 325),
(536, 391),
(536, 392),
(537, 295),
(537, 327),
(537, 328),
(537, 348),
(537, 369),
(537, 416),
(537, 587),
(538, 2),
(538, 131),
(538, 133),
(538, 260),
(538, 284),
(538, 395),
(538, 533),
(538, 588),
(539, 60),
(539, 76),
(539, 245),
(539, 328),
(539, 406),
(539, 458),
(540, 390),
(540, 433),
(540, 436),
(540, 465),
(540, 596),
(540, 603),
(541, 391),
(541, 394),
(541, 433),
(541, 436),
(541, 464),
(541, 596),
(541, 641),
(546, 286),
(546, 292),
(546, 390),
(546, 488),
(546, 578),
(547, 81),
(547, 160),
(547, 164),
(547, 182),
(547, 200),
(547, 405),
(547, 416),
(548, 81),
(548, 160),
(548, 200),
(548, 245),
(548, 314),
(548, 315),
(549, 134),
(549, 274),
(549, 292),
(549, 314),
(549, 416),
(549, 433),
(549, 472),
(550, 137),
(550, 157),
(550, 230),
(550, 324),
(550, 348),
(550, 602),
(551, 84),
(551, 117),
(551, 134),
(551, 286),
(551, 292),
(554, 81),
(554, 405),
(554, 603),
(556, 82),
(556, 232),
(556, 405),
(556, 433),
(557, 11),
(557, 202),
(557, 203),
(557, 232),
(557, 390),
(557, 433),
(558, 101),
(558, 142),
(558, 146),
(558, 245),
(558, 292),
(558, 433),
(561, 158),
(561, 240),
(561, 257),
(561, 261),
(561, 263),
(561, 644),
(562, 101),
(562, 221),
(562, 262),
(562, 292),
(562, 390),
(562, 578),
(563, 260),
(563, 346),
(563, 423),
(563, 425),
(563, 578),
(563, 588),
(564, 113),
(564, 199),
(564, 327),
(564, 328),
(564, 433),
(564, 442),
(565, 113),
(565, 147),
(565, 416),
(565, 433),
(565, 456),
(565, 517),
(566, 330),
(566, 410),
(566, 416),
(566, 546),
(566, 591),
(566, 601),
(566, 606),
(567, 213),
(567, 324),
(567, 344),
(567, 354),
(567, 356),
(567, 358),
(567, 599),
(569, 185),
(569, 405),
(570, 18),
(570, 306),
(575, 89),
(575, 137),
(575, 230),
(575, 348),
(575, 376),
(575, 390),
(575, 551),
(578, 52),
(578, 148),
(578, 376),
(578, 534),
(578, 551),
(578, 598),
(581, 46),
(581, 142),
(581, 328),
(581, 433),
(581, 554),
(581, 600),
(582, 230),
(582, 262),
(582, 364),
(582, 416),
(582, 578),
(582, 588),
(583, 46),
(583, 226),
(583, 227),
(583, 324),
(583, 328),
(583, 433),
(584, 101),
(584, 226),
(584, 227),
(584, 292),
(584, 325),
(584, 416),
(585, 228),
(585, 247),
(585, 346),
(586, 185),
(586, 352),
(586, 554),
(589, 51),
(589, 164),
(589, 258),
(589, 259),
(589, 425),
(589, 433),
(589, 448),
(590, 36),
(590, 164),
(590, 258),
(590, 259),
(590, 458),
(590, 503),
(591, 11),
(591, 202),
(591, 203),
(591, 391),
(591, 423),
(591, 502),
(591, 503),
(592, 6),
(592, 42),
(592, 47),
(592, 204),
(592, 255),
(593, 90),
(593, 250),
(593, 256),
(593, 416),
(593, 425),
(596, 6),
(596, 28),
(596, 101),
(596, 221),
(596, 433),
(597, 61),
(597, 101),
(597, 134),
(597, 201),
(597, 232),
(597, 263),
(597, 484),
(598, 60),
(598, 76),
(598, 118),
(598, 122),
(598, 250),
(598, 415),
(599, 36),
(599, 241),
(599, 247),
(599, 286),
(601, 56),
(601, 121),
(601, 285),
(602, 101),
(602, 391),
(603, 101),
(603, 134),
(603, 245),
(603, 292),
(603, 339),
(603, 432),
(604, 104),
(604, 256),
(604, 416),
(604, 433),
(607, 3),
(607, 157),
(607, 213),
(607, 226),
(607, 230),
(607, 396),
(607, 432),
(607, 602),
(608, 43),
(608, 230),
(608, 250),
(608, 390),
(608, 433),
(608, 602),
(609, 284),
(609, 289),
(609, 327),
(609, 328),
(609, 416),
(609, 588),
(612, 105),
(612, 230),
(612, 250),
(612, 432),
(612, 588),
(612, 628),
(613, 105),
(613, 232),
(613, 250),
(613, 628),
(614, 134),
(614, 136),
(614, 158),
(614, 164),
(614, 405),
(614, 634),
(615, 17),
(615, 18),
(615, 201),
(615, 433),
(615, 448),
(615, 608),
(615, 611),
(618, 255),
(618, 292),
(618, 368),
(618, 424),
(618, 490),
(619, 61),
(619, 101),
(619, 221),
(619, 323),
(619, 383),
(620, 42),
(620, 43),
(620, 101),
(620, 114),
(620, 115),
(620, 134),
(620, 245),
(621, 52),
(621, 223),
(621, 229),
(621, 230),
(621, 324),
(621, 538),
(622, 230),
(622, 328),
(622, 356),
(622, 376),
(622, 554),
(623, 160),
(623, 189),
(623, 273),
(623, 326),
(623, 563),
(623, 564),
(624, 42),
(624, 79),
(624, 196),
(624, 245),
(624, 247),
(625, 61),
(625, 101),
(625, 134),
(625, 321),
(625, 620),
(625, 621),
(625, 644),
(626, 101),
(626, 134),
(626, 189),
(626, 263),
(626, 313),
(627, 101),
(627, 105),
(627, 164),
(627, 196),
(627, 583),
(628, 18),
(628, 34),
(628, 169),
(628, 346),
(628, 423),
(628, 425),
(628, 616),
(629, 17),
(629, 18),
(629, 131),
(629, 133),
(629, 169),
(629, 170),
(629, 273),
(629, 616),
(630, 123),
(630, 354),
(630, 392),
(630, 410),
(630, 456),
(630, 517),
(632, 46),
(632, 120),
(632, 159),
(632, 160),
(632, 359),
(632, 503),
(633, 101),
(633, 164),
(633, 245),
(633, 406),
(633, 416),
(634, 7),
(634, 15),
(634, 101),
(634, 160),
(634, 388),
(634, 423),
(634, 424),
(634, 472),
(634, 486),
(638, 43),
(638, 129),
(638, 176),
(638, 219),
(638, 391),
(638, 596),
(639, 160),
(639, 164),
(639, 196),
(639, 489);

-- --------------------------------------------------------

--
-- Table structure for table `Stations`
--

CREATE TABLE `Stations` (
  `ID` int(11) NOT NULL,
  `name` varchar(50) COLLATE utf8_unicode_ci NOT NULL,
  `longitude` double DEFAULT NULL,
  `latitude` double DEFAULT NULL,
  `metro` bit(1) DEFAULT NULL,
  `bus` bit(1) DEFAULT NULL
) ENGINE=InnoDB DEFAULT CHARSET=utf8 COLLATE=utf8_unicode_ci;

--
-- Dumping data for table `Stations`
--

INSERT INTO `Stations` (`ID`, `name`, `longitude`, `latitude`, `metro`, `bus`) VALUES
(1, '10 رمضان', 31.270651, 30.091434, b'0', b'1'),
(2, '15 مايو', 31.342726, 29.890785, b'0', b'1'),
(3, '15 مايو بشبرا', 31.245349, 30.085551, b'0', b'1'),
(4, '15مايو', 31.342726, 29.890785, b'0', b'1'),
(5, '23 يوليو', 31.346998, 30.16655, b'0', b'1'),
(6, '6 أكتوبر', 31.25295, 30.064744, b'0', b'1'),
(7, 'أبو الريش', 31.234914, 30.029485, b'0', b'1'),
(8, 'أبو الريش 2', 31.234914, 30.029485, b'0', b'1'),
(9, 'أبو الريش اض 2', 31.23569, 30.026773, b'0', b'1'),
(10, 'أبو الريش الجديدة', 31.23569, 30.026773, b'0', b'1'),
(11, 'أبو الغيط', 31.205175, 30.080577, b'0', b'1'),
(12, 'أبو الفدا', 31.218052, 30.069179, b'0', b'1'),
(13, 'أبو النمرس', 31.219709, 29.95171, b'0', b'1'),
(14, 'أبو الهول', 31.477039, 29.987835, b'0', b'1'),
(15, 'أبو رواش', 31.284336, 30.082279, b'0', b'1'),
(16, 'أبو زعبل', 31.352239, 30.241521, b'0', b'1'),
(17, 'أبو وافية', 31.256471, 30.091592, b'0', b'1'),
(18, 'أبو وافيه', 31.256471, 30.091592, b'0', b'1'),
(19, 'أحمد حلمى', 31.255834, 30.086249, b'0', b'1'),
(20, 'أسبيكو', 31.411875, 30.170333, b'0', b'1'),
(21, 'أسعاف', 31.209613, 30.010753, b'0', b'1'),
(22, 'أكاديمية الشرطة', 31.417184, 30.046062, b'0', b'1'),
(23, 'أكاديمية مبارك', 31.499385, 30.018889, b'0', b'1'),
(24, 'ألف مسكن', 31.340329, 30.11884, b'0', b'1'),
(25, 'أم خنان', 31.248329, 29.912983, b'0', b'1'),
(26, 'أوسيم', 31.235712, 30.04442, b'0', b'1'),
(27, 'إبراهيم بك', 31.254104, 30.042088, b'0', b'1'),
(28, 'إسعاف', 31.209613, 30.010753, b'0', b'1'),
(29, 'إمبابة', 31.235712, 30.04442, b'0', b'1'),
(30, 'ابن الحكم', 31.285802, 30.079974, b'0', b'1'),
(31, 'ابو الريش', 31.23569, 30.026773, b'0', b'1'),
(32, 'ابو العلا', 31.256499, 30.08012, b'0', b'1'),
(33, 'ابو بكر الصديق', 31.258755, 30.103605, b'0', b'1'),
(34, 'ابو وافية', 31.256471, 30.091592, b'0', b'1'),
(35, 'ابوبكر الصديق', 31.258755, 30.103605, b'0', b'1'),
(36, 'اثر النبي', 31.232589, 29.98865, b'0', b'1'),
(37, 'احمد', 31.264586, 30.023968, b'0', b'1'),
(38, 'احمد الزمر', 31.360207, 30.047071, b'0', b'1'),
(39, 'احمد الزيات', 31.204166, 30.032088, b'0', b'1'),
(40, 'احمد بدوى', 31.248389, 30.068008, b'0', b'1'),
(41, 'احمد تيسير', 31.327192, 30.076127, b'0', b'1'),
(42, 'احمد حلمى', 31.255834, 30.086249, b'0', b'1'),
(43, 'احمد حلمي', 31.255834, 30.086249, b'0', b'1'),
(44, 'احمد حلمي 15', 31.248273, 30.0652, b'0', b'1'),
(45, 'احمد زكى', 31.281558, 30.080353, b'0', b'1'),
(46, 'احمد سعيد', 31.272474, 30.06489, b'0', b'1'),
(47, 'احمد عرابى', 31.273435, 30.099573, b'0', b'1'),
(48, 'احمد عرابي', 31.273435, 30.099573, b'0', b'1'),
(49, 'احمد عصمت', 31.332279, 30.125621, b'0', b'1'),
(50, 'احمد فخرى', 31.349032, 30.065465, b'0', b'1'),
(51, 'احمد ماهر', 31.255229, 30.043414, b'0', b'1'),
(52, 'اسبيكو', 31.411875, 30.170333, b'0', b'1'),
(53, 'اسكندريه', 30.000001, 31.253315, b'0', b'1'),
(54, 'الأباجية', 31.296967, 30.006827, b'0', b'1'),
(55, 'الأتوستراد', 31.289084, 29.982012, b'0', b'1'),
(56, 'الأزهر', 31.319745, 30.066737, b'0', b'1'),
(57, 'الألف مسكن', 31.254663, 30.088318, b'0', b'1'),
(58, 'الأمام الشافعى', 31.265676, 30.011892, b'0', b'1'),
(59, 'الأمام الشافعي', 31.265676, 30.011892, b'0', b'1'),
(60, 'الأميرية', 31.300073, 30.110384, b'0', b'1'),
(61, 'الأهرام', 31.205347, 30.010931, b'0', b'1'),
(62, 'الأوتوستراد', 31.289084, 29.982012, b'0', b'1'),
(63, 'الإباجية', 31.296967, 30.006827, b'0', b'1'),
(64, 'الإسعاف', 31.209613, 30.010753, b'0', b'1'),
(65, 'الإمام الشافعي', 31.265676, 30.011892, b'0', b'1'),
(66, 'الاباجية', 31.296967, 30.006827, b'0', b'1'),
(67, 'الاباجيه', 31.296967, 30.006827, b'0', b'1'),
(68, 'الاتحاد', 31.257775, 30.089854, b'0', b'1'),
(69, 'الاتواستراد', 31.289084, 29.982012, b'0', b'1'),
(70, 'الاتوستراد', 31.289084, 29.982012, b'0', b'1'),
(71, 'الاخصاص', 31.219711, 30.070206, b'0', b'1'),
(72, 'الاسكندريه', 30.000001, 31.253315, b'0', b'1'),
(73, 'الامام الشافعى', 31.265676, 30.011892, b'0', b'1'),
(74, 'الامام الليثى', 31.256152, 30.020136, b'0', b'1'),
(75, 'الاميرية', 31.300073, 30.110384, b'0', b'1'),
(76, 'الاميريه', 31.300073, 30.110384, b'0', b'1'),
(77, 'الاهرام', 31.205347, 30.010931, b'0', b'1'),
(78, 'الاوتوستراد', 31.289084, 29.982012, b'0', b'1'),
(79, 'البدرشين', 31.242024, 30.036675, b'0', b'1'),
(80, 'البراجيل', 31.177195, 30.077826, b'0', b'1'),
(81, 'البساتين', 31.238096, 30.032983, b'0', b'1'),
(82, 'البساتين ع ش', 31.247456, 30.046495, b'0', b'1'),
(83, 'البطل احمد عبد العزيز', 31.207003, 30.052648, b'0', b'1'),
(84, 'البعوث', 31.276529, 30.05623, b'0', b'1'),
(85, 'البعوث الاسلاميه', 31.276529, 30.05623, b'0', b'1'),
(86, 'التبين', 31.302688, 29.781618, b'0', b'1'),
(87, 'التبين 15', 31.337562, 29.839765, b'0', b'1'),
(88, 'التجمع الخامس', 31.428476, 30.008487, b'0', b'1'),
(89, 'التجنيد', 31.3111, 30.0908, b'0', b'1'),
(90, 'التحرير', 31.232422, 30.044034, b'0', b'1'),
(91, 'التونسى', 31.265347, 30.011307, b'0', b'1'),
(92, 'التونسي', 31.265347, 30.011307, b'0', b'1'),
(93, 'الثورة', 31.278005, 30.103557, b'0', b'1'),
(94, 'الجامعة', 31.278478, 30.03923, b'0', b'1'),
(95, 'الجامعة 15', 31.288963, 30.121085, b'0', b'1'),
(96, 'الجبرتي', 31.307296, 30.088315, b'0', b'1'),
(97, 'الجبل الأحمر', 31.231566, 30.000457, b'0', b'1'),
(98, 'الجبل الأصفر', 31.355524, 30.201379, b'0', b'1'),
(99, 'الجلاء', 31.243105, 30.1003, b'0', b'1'),
(100, 'الجو لف', 31.328429, 30.079084, b'0', b'1'),
(101, 'الجيزة', 31.235712, 30.04442, b'0', b'1'),
(102, 'الجيزة ( كلية الزراعة )', 31.208056, 30.018138, b'0', b'1'),
(103, 'الجيزة دائري', 31.248244, 30.144171, b'0', b'1'),
(104, 'الجيش', 31.259121, 30.056411, b'0', b'1'),
(105, 'الحجاز', 31.1987, 30.055408, b'0', b'1'),
(106, 'الحدائق', 31.271935, 30.077743, b'0', b'1'),
(107, 'الحديد والصلب', 31.242339, 30.050456, b'0', b'1'),
(108, 'الحرفيين', 31.29011, 30.037839, b'0', b'1'),
(109, 'الحزانية', 31.232009, 30.045917, b'0', b'1'),
(110, 'الحزانيه', 31.232009, 30.045917, b'0', b'1'),
(111, 'الحصة', 31.189879, 30.403372, b'0', b'1'),
(112, 'الحكم', 31.425062, 30.158713, b'0', b'1'),
(113, 'الحلمية', 31.254827, 30.035918, b'0', b'1'),
(114, 'الحوا مديه', 31.256914, 29.908129, b'0', b'1'),
(115, 'الحوامدية', 31.256914, 29.908129, b'0', b'1'),
(116, 'الحى الثامن', 31.358113, 30.059527, b'0', b'1'),
(117, 'الحى السابع', 31.326999, 30.046989, b'0', b'1'),
(118, 'الحى السادس', 31.465614, 30.208811, b'0', b'1'),
(119, 'الحىالسابع', 31.326999, 30.046989, b'0', b'1'),
(120, 'الحي الثامن', 31.358113, 30.059527, b'0', b'1'),
(121, 'الحي السابع', 31.326999, 30.046989, b'0', b'1'),
(122, 'الحي السادس', 31.465614, 30.208811, b'0', b'1'),
(123, 'الحي العاشر', 31.388467, 30.024263, b'0', b'1'),
(124, 'الحي العباسية', 31.271445, 30.065008, b'0', b'1'),
(125, 'الخانكة', 31.357022, 30.13385, b'0', b'1'),
(126, 'الخلفاوى', 31.281453, 30.097481, b'1', b'1'),
(127, 'الخليفة القاهر', 31.25189, 30.027027, b'0', b'1'),
(128, 'الخيالة', 31.257, 29.999387, b'0', b'1'),
(129, 'الدائري', 31.418979, 30.06189, b'0', b'1'),
(130, 'الدارسة', 31.271718, 30.048456, b'0', b'1'),
(131, 'الدراسة', 31.271718, 30.048456, b'0', b'1'),
(132, 'الدراسة 15', 31.265401, 30.046527, b'0', b'1'),
(133, 'الدراسه', 31.271718, 30.048456, b'0', b'1'),
(134, 'الدقى', 31.211411, 30.038223, b'1', b'1'),
(135, 'الدقى التحرير', 31.231719, 30.043927, b'0', b'1'),
(136, 'الدقي', 31.211411, 30.038223, b'0', b'1'),
(137, 'الدوران', 31.24261, 30.08936, b'0', b'1'),
(138, 'الدويقة', 31.235712, 30.04442, b'0', b'1'),
(139, 'الدويقة الجديدة', 31.314263, 30.007835, b'0', b'1'),
(140, 'الدويقه', 31.235712, 30.04442, b'0', b'1'),
(141, 'الزاوية', 31.235712, 30.04442, b'0', b'1'),
(142, 'الزاوية الحمراء', 31.268509, 30.090867, b'0', b'1'),
(143, 'الزمالك', 31.219709, 30.060942, b'0', b'1'),
(144, 'الزهراء', 31.243679, 30.101095, b'1', b'1'),
(145, 'الزهويين', 31.232009, 30.045917, b'0', b'1'),
(146, 'الزوايه الحمراء', 31.268509, 30.090867, b'0', b'1'),
(147, 'الزيتون', 31.302688, 30.10406, b'0', b'1'),
(148, 'السادات', 31.250373, 30.034197, b'1', b'1'),
(149, 'السد', 31.2882, 30.083708, b'0', b'1'),
(150, 'السد العالي', 31.262256, 30.080906, b'0', b'1'),
(151, 'السكاكنيى', 31.266213, 30.063657, b'0', b'1'),
(152, 'السلام', 31.27604, 30.102482, b'0', b'1'),
(153, 'السلام اسبيكو', 31.411875, 30.170333, b'0', b'1'),
(154, 'السلام اسكندريه', 29.732737, 31.08098, b'0', b'1'),
(155, 'السلام الاسكندريه', 30.010722, 31.269488, b'0', b'1'),
(156, 'السلطان برقوق', 31.25559, 30.032327, b'0', b'1'),
(157, 'السواح', 31.291976, 30.105334, b'0', b'1'),
(158, 'السودان', 31.182532, 30.063622, b'0', b'1'),
(159, 'السيدة', 31.241118, 30.032088, b'0', b'1'),
(160, 'السيدة زينب', 31.246284, 29.995444, b'1', b'1'),
(161, 'السيدة زينب (للأنفاق)', 31.272815, 30.089673, b'0', b'1'),
(162, 'السيدة زينب للأنفاق', 31.272815, 30.089673, b'0', b'1'),
(163, 'السيدة زينب للانفاق', 31.272815, 30.089673, b'0', b'1'),
(164, 'السيدة عائشة', 31.259097, 30.090328, b'0', b'1'),
(165, 'السيدة عائشة كلية البنات الإسل', 31.311332, 30.0625, b'0', b'1'),
(166, 'السيدة نفسيه', 31.247192, 30.022537, b'0', b'1'),
(167, 'السيدة نفيسة', 31.247192, 30.022537, b'0', b'1'),
(168, 'الشارع الجديد', 31.287838, 30.130741, b'0', b'1'),
(169, 'الشرابية', 31.259775, 30.076397, b'0', b'1'),
(170, 'الشرابيه', 31.259775, 30.076397, b'0', b'1'),
(171, 'الشيخ رمضان', 31.25505, 30.093259, b'0', b'1'),
(172, 'الشيخ زايد', 30.97616, 30.049163, b'0', b'1'),
(173, 'الصاروخ', 30.769465, 28.076508, b'0', b'1'),
(174, 'الصف', 31.296967, 29.632061, b'0', b'1'),
(175, 'الطالبية', 31.173725, 29.99882, b'0', b'1'),
(176, 'الطريق الدائرى', 31.418979, 30.06189, b'0', b'1'),
(177, 'الطريق الدائري', 31.418979, 30.06189, b'0', b'1'),
(178, 'الطريق الزراعى', 31.30971, 29.787564, b'0', b'1'),
(179, 'الطوب الرملى', 31.363353, 30.041387, b'0', b'1'),
(180, 'الطوب الرملي', 31.363353, 30.041387, b'0', b'1'),
(181, 'الطيران', 31.32465, 30.067425, b'0', b'1'),
(182, 'العباسية', 31.271445, 30.065008, b'0', b'1'),
(183, 'العباسية اض', 31.271445, 30.065008, b'0', b'1'),
(184, 'العبور', 31.479895, 30.228341, b'0', b'1'),
(185, 'العتبة', 31.246803, 30.052346, b'1', b'1'),
(186, 'العتبة المنعم رياض', 31.249586, 30.135682, b'0', b'1'),
(187, 'العشرين', 31.184223, 30.027428, b'0', b'1'),
(188, 'العطارة', 31.247556, 30.05665, b'0', b'1'),
(189, 'العمرانية', 31.235712, 30.04442, b'0', b'1'),
(190, 'العمرانية .', 31.235712, 30.04442, b'0', b'1'),
(191, 'الفردوس', 31.276608, 30.059, b'0', b'1'),
(192, 'الفنجرى', 31.243175, 30.129703, b'0', b'1'),
(193, 'القاهرة الجديدة', 31.491318, 30.007413, b'0', b'1'),
(194, 'القصر العيتى', 31.228622, 30.031877, b'0', b'1'),
(195, 'القصر العين', 31.228622, 30.031877, b'0', b'1'),
(196, 'القصر العينى', 31.22758, 30.030924, b'0', b'1'),
(197, 'القصر العيني', 31.22758, 30.030924, b'0', b'1'),
(198, 'القطامية', 31.479145, 29.965134, b'0', b'1'),
(199, 'القلج', 31.353387, 30.178888, b'0', b'1'),
(200, 'القلعة', 31.260817, 30.029891, b'0', b'1'),
(201, 'القللى', 31.240817, 30.062217, b'0', b'1'),
(202, 'القناطر', 31.235712, 30.04442, b'0', b'1'),
(203, 'القناطر الخيرية', 31.235712, 30.04442, b'0', b'1'),
(204, 'القومية العربية', 31.268387, 30.093857, b'0', b'1'),
(205, 'الكابلات', 31.295689, 30.114241, b'0', b'1'),
(206, 'الكنيسة', 31.287001, 30.082515, b'0', b'1'),
(207, 'الكيت كات', 31.214313, 30.062213, b'0', b'1'),
(208, 'الماظة', 31.341473, 30.083436, b'0', b'1'),
(209, 'الماظه', 31.341473, 30.083436, b'0', b'1'),
(210, 'المبيضة', 31.240459, 30.079532, b'0', b'1'),
(211, 'المجاورات', 31.605824, 30.120823, b'0', b'1'),
(212, 'المجزر الالى', 31.270504, 29.999822, b'0', b'1'),
(213, 'المحكمة', 31.230266, 30.06095, b'0', b'1'),
(214, 'المخبز الالى', 31.410125, 30.179293, b'0', b'1'),
(215, 'المدينة', 31.235712, 30.04442, b'0', b'1'),
(216, 'المدينة ألجامعيه', 31.20659, 30.032867, b'0', b'1'),
(217, 'المدينة الجامعي', 31.20659, 30.032867, b'0', b'1'),
(218, 'المدينة الجامعية', 31.20659, 30.032867, b'0', b'1'),
(219, 'المرج', 31.33573, 30.152102, b'1', b'1'),
(220, 'المرج الجديدة', 31.33834, 30.163686, b'1', b'1'),
(221, 'المريوطية', 31.23593, 30.057522, b'0', b'1'),
(222, 'المريوطيه', 31.23593, 30.057522, b'0', b'1'),
(223, 'المسلة', 31.30927, 30.13125, b'0', b'1'),
(224, 'المشروع', 31.197862, 30.082293, b'0', b'1'),
(225, 'المصنع الحربي', 31.190403, 30.462673, b'0', b'1'),
(226, 'المطار', 31.379042, 30.107684, b'0', b'1'),
(227, 'المطار الجديد', 31.348445, 30.112752, b'0', b'1'),
(228, 'المطبعة', 31.222279, 30.078856, b'0', b'1'),
(229, 'المطراوى', 31.267504, 29.979934, b'0', b'1'),
(230, 'المطرية', 31.310329, 30.131217, b'1', b'1'),
(231, 'المطرية المعرض', 31.286748, 30.117173, b'0', b'1'),
(232, 'المظلات', 31.245589, 30.104064, b'1', b'1'),
(233, 'المعادى', 31.276942, 29.962696, b'1', b'1'),
(234, 'المعادى الجديدة', 31.331137, 30.086061, b'0', b'1'),
(235, 'المعرض', 31.222922, 30.061383, b'0', b'1'),
(236, 'المعصرة', 31.240094, 30.129858, b'1', b'1'),
(237, 'المقابر', 31.251059, 30.020252, b'0', b'1'),
(238, 'المقطم', 31.332582, 30.006124, b'0', b'1'),
(239, 'الملك الصالح', 31.226783, 30.012647, b'1', b'1'),
(240, 'الملك فيصل', 31.245797, 30.142646, b'0', b'1'),
(241, 'المماليك', 31.271058, 30.04345, b'0', b'1'),
(242, 'المماليك القصر العيني', 31.271058, 30.04345, b'0', b'1'),
(243, 'المنصورية 1', 31.269435, 30.051942, b'0', b'1'),
(244, 'المنوات', 31.254274, 29.932032, b'0', b'1'),
(245, 'المنيب', 31.242808, 30.094701, b'1', b'1'),
(246, 'المنيب ن', 31.242808, 30.094701, b'0', b'1'),
(247, 'المنيل', 31.226865, 30.021361, b'0', b'1'),
(248, 'الموظفين', 32.264324, 30.588511, b'0', b'1'),
(249, 'الميثاق', 31.260759, 30.082539, b'0', b'1'),
(250, 'النزهة', 31.268625, 30.065949, b'0', b'1'),
(251, 'النزهة الجديدة', 31.343103, 30.099782, b'0', b'1'),
(252, 'النزهه', 31.268625, 30.065949, b'0', b'1'),
(253, 'النزهه الجديدة', 31.343103, 30.099782, b'0', b'1'),
(254, 'النهضة', 31.439904, 30.171561, b'0', b'1'),
(255, 'النيل', 31.235712, 30.04442, b'0', b'1'),
(256, 'الهايكستب', 31.388598, 30.137407, b'0', b'1'),
(257, 'الهرم', 31.205347, 30.010931, b'0', b'1'),
(258, 'الهضبة الوسطى', 31.316989, 29.993756, b'0', b'1'),
(259, 'الهضبة الوسطي', 31.316989, 29.993756, b'0', b'1'),
(260, 'الوايلى', 31.282664, 30.070369, b'0', b'1'),
(261, 'الوحدة', 31.256539, 30.135375, b'0', b'1'),
(262, 'الوحدة العربية', 31.268483, 30.092821, b'0', b'1'),
(263, 'الوراق', 31.235712, 30.04442, b'0', b'1'),
(264, 'الوفاء والأمل', 31.351304, 30.02109, b'0', b'1'),
(265, 'الوفاء والامل', 31.351304, 30.02109, b'0', b'1'),
(266, 'امبابة', 31.235712, 30.04442, b'0', b'1'),
(267, 'امبابة عا ة', 31.235712, 30.04442, b'0', b'1'),
(268, 'امبابه', 31.235712, 30.04442, b'0', b'1'),
(269, 'امتداد', 31.511306, 30.061793, b'0', b'1'),
(270, 'امتداد رمسيس', 31.291162, 30.069174, b'0', b'1'),
(271, 'اوسيم', 31.235712, 30.04442, b'0', b'1'),
(272, 'اول المنيل', 31.224749, 30.01497, b'0', b'1'),
(273, 'باب الشعرية', 31.252996, 30.055391, b'0', b'1'),
(274, 'باب اللوق', 31.240459, 30.047039, b'0', b'1'),
(275, 'باب الوزير', 31.259934, 30.036453, b'0', b'1'),
(276, 'باسوس', 31.215951, 30.133802, b'0', b'1'),
(277, 'بشتيل', 31.197383, 30.078074, b'0', b'1'),
(278, 'بلقاس', 31.282573, 30.17666, b'0', b'1'),
(279, 'بلقس', 29.930947, 31.194784, b'0', b'1'),
(280, 'بنات عين شمس', 31.318125, 30.125399, b'0', b'1'),
(281, 'بنها', 31.268955, 30.091895, b'0', b'1'),
(282, 'بنى مجدول', 31.117857, 30.045228, b'0', b'1'),
(283, 'بهتيم عباسية', 31.271445, 30.065008, b'0', b'1'),
(284, 'بورسعيد', 31.254803, 30.047934, b'0', b'1'),
(285, 'بولاق', 31.231158, 30.063132, b'0', b'1'),
(286, 'بولاق الدكرور', 31.235712, 30.04442, b'0', b'1'),
(287, 'بولاق الدكرور 15', 31.223068, 30.05945, b'0', b'1'),
(288, 'بولاق الدكرور الدراسة', 31.189566, 30.037814, b'0', b'1'),
(289, 'بيجام', 31.254052, 30.129873, b'0', b'1'),
(290, 'بين السرايات', 31.283169, 30.066398, b'0', b'1'),
(291, 'تجنيد', 31.471148, 30.159529, b'0', b'1'),
(292, 'تحرير', 31.232422, 30.044034, b'0', b'1'),
(293, 'ترسا', 31.199671, 29.964768, b'0', b'1'),
(294, 'ترعة الأسماعيلية', 31.248569, 30.107618, b'0', b'1'),
(295, 'ترعة الإسماعيلية', 31.248569, 30.107618, b'0', b'1'),
(296, 'ترعة الاسماعيلية', 31.248569, 30.107618, b'0', b'1'),
(297, 'ترعة الجبل', 31.279045, 30.078525, b'0', b'1'),
(298, 'ترعة السواحل', 31.214032, 30.104612, b'0', b'1'),
(299, 'ترعة المريوطية', 31.1509, 29.9883, b'0', b'1'),
(300, 'ترعة المنصورية', 31.269221, 30.050748, b'0', b'1'),
(301, 'ترعة جزيرة بدران', 31.234576, 30.074158, b'0', b'1'),
(302, 'ثكنات المعادى', 31.267488, 29.953958, b'1', b'1'),
(303, 'ج السويس', 31.610616, 30.118675, b'0', b'1'),
(304, 'جامع', 31.248534, 30.042026, b'0', b'1'),
(305, 'جامع عمر', 31.248534, 30.042026, b'0', b'1'),
(306, 'جامع عمرو', 31.230475, 30.011973, b'0', b'1'),
(307, 'جامع عمرو اض 1', 31.233137, 30.010122, b'0', b'1'),
(308, 'جامعة', 31.206815, 30.022395, b'0', b'1'),
(309, 'جامعة الأزهر', 31.319745, 30.066737, b'0', b'1'),
(310, 'جامعة الأزهر 2', 31.314889, 30.057503, b'0', b'1'),
(311, 'جامعة الازهر', 31.319745, 30.066737, b'0', b'1'),
(312, 'جامعة الدول', 31.491856, 30.170146, b'0', b'1'),
(313, 'جامعة الدول العربية', 31.200821, 30.052076, b'0', b'1'),
(314, 'جامعة القاهرة', 31.211383, 30.02242, b'1', b'1'),
(315, 'جامعة جيزة', 31.206815, 30.022395, b'0', b'1'),
(316, 'جامعه', 31.206815, 30.022395, b'0', b'1'),
(317, 'جامعه الأزهر', 31.319745, 30.066737, b'0', b'1'),
(318, 'جامعه دائري', 31.29339, 30.039247, b'0', b'1'),
(319, 'جراج القطامية', 31.420986, 29.974038, b'0', b'1'),
(320, 'جراج المستقبل', 31.301212, 30.092937, b'0', b'1'),
(321, 'جزيرة العرب', 31.199285, 30.054341, b'0', b'1'),
(322, 'جزيرة محمد', 31.202534, 30.117446, b'0', b'1'),
(323, 'جزيزة محمد', 31.202534, 30.117446, b'0', b'1'),
(324, 'جسر السويس', 31.314828, 30.09886, b'0', b'1'),
(325, 'جيزة', 31.208853, 30.013056, b'0', b'1'),
(326, 'جيزه', 31.208853, 30.013056, b'0', b'1'),
(327, 'حدائق', 31.271935, 30.077743, b'0', b'1'),
(328, 'حدائق القبة', 31.282664, 30.085959, b'0', b'1'),
(329, 'حدائق القبه', 31.282664, 30.085959, b'0', b'1'),
(330, 'حدائق النصر', 31.265435, 30.103307, b'0', b'1'),
(331, 'حدائق زينهم', 31.24976, 30.023145, b'0', b'1'),
(332, 'حسن صبرى', 31.219747, 30.055925, b'0', b'1'),
(333, 'حلوان', 31.336853, 29.848319, b'1', b'1'),
(334, 'حوامديه', 31.256914, 29.908129, b'0', b'1'),
(335, 'خضر التونى', 31.321652, 30.075453, b'0', b'1'),
(336, 'دار السلام', 31.254052, 29.989515, b'1', b'1'),
(337, 'دراسة', 31.271718, 30.048456, b'0', b'1'),
(338, 'دقى', 31.248312, 30.089978, b'0', b'1'),
(339, 'دقي', 31.248312, 30.089978, b'0', b'1'),
(340, 'دوران روض الفرج', 31.24261, 30.08936, b'0', b'1'),
(341, 'دوران شبرا', 31.24261, 30.08936, b'0', b'1'),
(342, 'رئاسة الهيئة', 31.312741, 30.089878, b'0', b'1'),
(343, 'رابعة', 31.257835, 30.138008, b'0', b'1'),
(344, 'رابعة العدوية', 31.321994, 30.068443, b'0', b'1'),
(345, 'ربيع الجيزى', 31.246562, 30.051224, b'0', b'1'),
(346, 'رمسيس', 31.25891, 30.066109, b'0', b'1'),
(347, 'روض الفر ج', 31.236882, 30.072025, b'0', b'1'),
(348, 'روض الفرج', 31.236882, 30.072025, b'1', b'1'),
(349, 'روض الفرج.', 31.236882, 30.072025, b'0', b'1'),
(350, 'زاوية أبو مسلم', 31.299747, 30.121494, b'0', b'1'),
(351, 'زمالك', 31.219709, 30.060942, b'0', b'1'),
(352, 'زنين', 31.239204, 30.026409, b'0', b'1'),
(353, 'زنين ل', 31.371787, 30.048609, b'0', b'1'),
(354, 'زهراء', 31.243679, 30.101095, b'0', b'1'),
(355, 'زهراء المعادى', 31.303188, 29.961978, b'0', b'1'),
(356, 'زهراء عين شمس', 31.329603, 30.130341, b'0', b'1'),
(357, 'زهراء م . نصر', 31.335153, 30.063403, b'0', b'1'),
(358, 'زهراء مدينة نصر', 31.335153, 30.063403, b'0', b'1'),
(359, 'زهراء مصر القديمة', 31.235139, 29.999406, b'0', b'1'),
(360, 'زينب', 31.239103, 30.032403, b'0', b'1'),
(361, 'ساقية مكى', 31.21516, 29.994249, b'1', b'1'),
(362, 'ساقية مكي', 31.21516, 29.994249, b'0', b'1'),
(363, 'سبيكو', 31.413023, 30.180607, b'0', b'1'),
(364, 'سراى القبة', 31.282664, 30.085959, b'0', b'1'),
(365, 'سراي القبه', 31.282664, 30.085959, b'0', b'1'),
(366, 'سعد سليم', 31.253644, 30.104969, b'0', b'1'),
(367, 'سفير', 31.213884, 30.035321, b'0', b'1'),
(368, 'سقيل', 31.281498, 30.075652, b'0', b'1'),
(369, 'سكة الوايلى', 31.275931, 30.067319, b'0', b'1'),
(370, 'سليم الأول', 31.313751, 30.107892, b'0', b'1'),
(371, 'سنترال العمرانية', 31.191235, 29.992777, b'0', b'1'),
(372, 'سندوه', 31.272759, 30.066836, b'0', b'1'),
(373, 'سنهرة', 31.231948, 30.083435, b'0', b'1'),
(374, 'سوق 6 أكتوبر', 31.197815, 30.06254, b'0', b'1'),
(375, 'سوق الجملة بمدينة 6 أكتوبر', 32.26375, 30.588363, b'0', b'1'),
(376, 'سوق العبور', 31.30206, 30.074795, b'0', b'1'),
(377, 'ش 6 أكتوبر', 31.25295, 30.064744, b'0', b'1'),
(378, 'ش الأهرام', 31.295874, 30.005043, b'0', b'1'),
(379, 'ش الجيش', 31.259121, 30.056411, b'0', b'1'),
(380, 'ش الحجاز', 31.323521, 30.099385, b'0', b'1'),
(381, 'ش نادى الرحلات', 31.237349, 30.047299, b'0', b'1'),
(382, 'شارع الترعه', 31.235935, 30.134367, b'0', b'1'),
(383, 'شارع الجيزة', 31.32616, 30.096358, b'0', b'1'),
(384, 'شارع السودان', 31.193982, 30.044656, b'0', b'1'),
(385, 'شارع الطيران', 31.32465, 30.067425, b'0', b'1'),
(386, 'شارع شبرا', 31.245349, 30.085551, b'0', b'1'),
(387, 'شارع عبد العزيز', 31.247905, 30.046952, b'0', b'1'),
(388, 'شارع مراد', 31.258513, 30.064855, b'0', b'1'),
(389, 'شبر الخيمة', 31.245349, 30.085551, b'0', b'1'),
(390, 'شبرا', 31.245349, 30.085551, b'0', b'1'),
(391, 'شبرا الخيمة', 31.245349, 30.085551, b'0', b'1'),
(392, 'شبرا الخيمه', 31.245349, 30.085551, b'0', b'1'),
(393, 'شبرا المظلات', 31.245349, 30.085551, b'0', b'1'),
(394, 'شبين القناطر', 31.296967, 30.297668, b'0', b'1'),
(395, 'شرق شبرا', 31.248329, 30.074212, b'0', b'1'),
(396, 'شرق شبرا الخيمة', 31.235712, 30.04442, b'0', b'1'),
(397, 'شق الثعبان', 31.249073, 30.058398, b'0', b'1'),
(398, 'شهاب', 31.277124, 30.10408, b'0', b'1'),
(399, 'شيخون', 31.254541, 30.030861, b'0', b'1'),
(400, 'شيراتون', 31.220316, 30.039195, b'0', b'1'),
(401, 'شيرتوان', 31.220316, 30.039195, b'0', b'1'),
(402, 'صفط', 31.24385, 30.079958, b'0', b'1'),
(403, 'صفط اللبن', 31.194847, 30.027857, b'0', b'1'),
(404, 'صقر قري', 31.372031, 30.107163, b'0', b'1'),
(405, 'صقر قريش', 31.372031, 30.107163, b'0', b'1'),
(406, 'صلاح سالم', 31.268259, 30.042218, b'0', b'1'),
(407, 'طريق الحصة', 31.341052, 29.979241, b'0', b'1'),
(408, 'طريق الشرقاوية', 31.234959, 30.12833, b'0', b'1'),
(409, 'طريق القطامية', 31.4784, 29.963533, b'0', b'1'),
(410, 'طريق النصر', 31.283038, 30.048273, b'0', b'1'),
(411, 'طلبه', 31.261172, 29.971071, b'0', b'1'),
(412, 'طنان', 31.290151, 30.115353, b'0', b'1'),
(413, 'طوخ مشتهر', 31.222379, 30.352041, b'0', b'1'),
(414, 'ع رياض', 30.982389, 30.79408, b'0', b'1'),
(415, 'عباس العقاد', 31.337882, 30.056508, b'0', b'1'),
(416, 'عباسية', 31.717099, 30.534836, b'0', b'1'),
(417, 'عباسية 15', 31.271504, 30.064954, b'0', b'1'),
(418, 'عبد', 31.374916, 30.150962, b'0', b'1'),
(419, 'عبد االله العربى', 31.328385, 30.046586, b'0', b'1'),
(420, 'عبد المنعم', 31.244738, 30.042753, b'0', b'1'),
(421, 'عبد المنعم 1', 31.28106, 30.097624, b'0', b'1'),
(422, 'عبد المنعم ر ياض2', 31.259531, 30.087233, b'0', b'1'),
(423, 'عبد المنعم رياض', 31.259432, 30.087161, b'0', b'1'),
(424, 'عبد المنعم رياض 1', 31.259431, 30.087063, b'0', b'1'),
(425, 'عبد المنعم رياض 2', 31.259531, 30.087233, b'0', b'1'),
(426, 'عبد المنعم رياض الألف مسكن', 31.335705, 30.114703, b'0', b'1'),
(427, 'عبداالله العربى', 31.328385, 30.046586, b'0', b'1'),
(428, 'عبدالمنعم رياض', 31.259432, 30.087161, b'0', b'1'),
(429, 'عبدالمنعم رياض 1', 31.259431, 30.087063, b'0', b'1'),
(430, 'عبدالمنعم رياض 2', 31.259432, 30.087161, b'0', b'1'),
(431, 'عبده باشا', 31.276009, 30.064197, b'0', b'1'),
(432, 'عبود', 31.259451, 30.070456, b'0', b'1'),
(433, 'عتبة', 31.246803, 30.052346, b'0', b'1'),
(434, 'عتبه', 31.246803, 30.052346, b'0', b'1'),
(435, 'عثمان بن عفان', 31.259168, 30.103002, b'0', b'1'),
(436, 'عرابى', 31.24251, 30.05499, b'1', b'1'),
(437, 'عرب الطوايله', 31.3154, 30.139457, b'0', b'1'),
(438, 'عرب الطويلة', 31.3154, 30.139457, b'0', b'1'),
(439, 'عرب المعادى', 31.269979, 29.97015, b'0', b'1'),
(440, 'عزبة', 31.220233, 30.099714, b'0', b'1'),
(441, 'عزبة المصري', 31.248936, 30.07718, b'0', b'1'),
(442, 'عزبة النخل', 31.31867, 30.145098, b'1', b'1'),
(443, 'عزبة الهجا نه', 31.394184, 30.069496, b'0', b'1'),
(444, 'عزبة الهجانة', 31.394184, 30.069496, b'0', b'1'),
(445, 'عزبة الهجانه', 31.394184, 30.069496, b'0', b'1'),
(446, 'عزيز المصرى', 31.27505, 30.0976, b'0', b'1'),
(447, 'عزيز المصري', 31.27505, 30.0976, b'0', b'1'),
(448, 'عماد الدين', 31.244298, 30.055927, b'0', b'1'),
(449, 'عمارات عثمان', 31.274561, 30.082925, b'0', b'1'),
(450, 'عمر المختار', 31.296297, 30.116298, b'0', b'1'),
(451, 'عمر بن الخطاب', 31.250463, 30.09716, b'0', b'1'),
(452, 'عمرانية', 31.235712, 30.04442, b'0', b'1'),
(453, 'عين الحياه', 31.372429, 30.122321, b'0', b'1'),
(454, 'عين الصيرة', 31.244037, 30.01685, b'0', b'1'),
(455, 'عين حلوان', 31.336853, 29.848319, b'0', b'1'),
(456, 'عين شمس', 31.319072, 30.116505, b'1', b'1'),
(457, 'غمرة', 31.267644, 30.068478, b'1', b'1'),
(458, 'فم الخليج', 31.231308, 30.022984, b'0', b'1'),
(459, 'فيصل', 31.169427, 30.002168, b'1', b'1'),
(460, 'قسم الحدائق', 31.283958, 30.093812, b'0', b'1'),
(461, 'قسم حدائق القبه', 31.283958, 30.093812, b'0', b'1'),
(462, 'قصر الضيافة', 31.317977, 30.089553, b'0', b'1'),
(463, 'قصر العيني', 31.228622, 30.031877, b'0', b'1'),
(464, 'قليوب', 31.235712, 30.04442, b'0', b'1'),
(465, 'قليوب البلد', 31.235712, 30.04442, b'0', b'1'),
(466, 'قليوب المظلات', 31.245589, 30.104064, b'0', b'1'),
(467, 'كال نات', 29.883861, 31.202188, b'0', b'1'),
(468, 'كبرى الفنجرى', 31.300708, 30.076173, b'0', b'1'),
(469, 'كرداسة', 31.260224, 30.047108, b'0', b'1'),
(470, 'كرداسه', 31.260224, 30.047108, b'0', b'1'),
(471, 'كفر أبو صير', 31.369887, 30.160295, b'0', b'1'),
(472, 'كفر الجبل', 31.238162, 30.072231, b'0', b'1'),
(473, 'كفر طهر مس', 31.174759, 30.016206, b'0', b'1'),
(474, 'كفر طهرمس', 31.174759, 30.016206, b'0', b'1'),
(475, 'كفر غطاطى', 31.105065, 30.008723, b'0', b'1'),
(476, 'كلية البنات', 31.329191, 30.081103, b'0', b'1'),
(477, 'كلية البنات الإسلامية', 31.311332, 30.0625, b'0', b'1'),
(478, 'كلية البنات الاسلاميه', 31.311332, 30.0625, b'0', b'1'),
(479, 'كلية الزراعة', 31.245984, 30.111884, b'1', b'1'),
(480, 'كلية بنات عين شمس', 31.286117, 30.076253, b'0', b'1'),
(481, 'كليه الأزهر', 31.314889, 30.057503, b'0', b'1'),
(482, 'كليه بنات عين شمس', 31.286117, 30.076253, b'0', b'1'),
(483, 'كهرباء الأهرام', 31.323599, 30.091785, b'0', b'1'),
(484, 'كهرباء الهرم', 31.190813, 30.005174, b'0', b'1'),
(485, 'كوبرى 6 أكتوبر', 31.219151, 30.048568, b'0', b'1'),
(486, 'كوبرى 6 اكتوبر', 31.219151, 30.048568, b'0', b'1'),
(487, 'كوبرى أكتوبر', 31.25295, 30.064744, b'0', b'1'),
(488, 'كوبرى احمد عرابى', 31.195855, 30.069885, b'0', b'1'),
(489, 'كوبرى الجامعة', 31.223845, 30.028293, b'0', b'1'),
(490, 'كوبرى الجلاء', 31.220407, 30.040131, b'0', b'1'),
(491, 'كوبرى العاشر من رمضان', 31.267148, 30.098212, b'0', b'1'),
(492, 'كوبرى القبة', 31.291062, 30.08716, b'1', b'1'),
(493, 'كوبرى روض الفرج', 31.233339, 30.087396, b'0', b'1'),
(494, 'كوبرى مسطرد', 31.290119, 30.130254, b'0', b'1'),
(495, 'كوبرى. 6 اكتوبر', 31.219151, 30.048568, b'0', b'1'),
(496, 'كوبرى6 اكتوبر', 31.219151, 30.048568, b'0', b'1'),
(497, 'كوبري الجلاء', 31.220407, 30.040131, b'0', b'1'),
(498, 'كوبري الشبينى', 31.271947, 30.067594, b'0', b'1'),
(499, 'كوبري القبة', 31.282664, 30.085959, b'0', b'1'),
(500, 'كوبري روض الفرج', 31.233339, 30.087396, b'0', b'1'),
(501, 'كوبري عرابي', 31.24251, 30.05499, b'0', b'1'),
(502, 'كورنيش', 31.24251, 30.102662, b'0', b'1'),
(503, 'كورنيش النيل', 31.229404, 30.05488, b'0', b'1'),
(504, 'كيت كات', 31.214313, 30.062213, b'0', b'1'),
(505, 'لاظوغلى', 31.232552, 30.040683, b'0', b'1'),
(506, 'للأنفاق دائري', 31.280417, 30.091394, b'0', b'1'),
(507, 'م . الجيزة', 31.235712, 30.04442, b'0', b'1'),
(508, 'م . الطلبة', 31.261172, 29.971071, b'0', b'1'),
(509, 'م . المطرية', 31.347717, 30.100886, b'0', b'1'),
(510, 'م الجيزة', 31.235712, 30.04442, b'0', b'1'),
(511, 'م المطرية', 31.347717, 30.100886, b'0', b'1'),
(512, 'م. السلام', 31.411875, 30.170333, b'0', b'1'),
(513, 'م. السلام (أسبيكو)', 31.411875, 30.170333, b'0', b'1'),
(514, 'م. عين شمس', 31.286117, 30.076253, b'0', b'1'),
(515, 'م.الحجاز', 31.342682, 30.109528, b'0', b'1'),
(516, 'مؤسسة', 31.235456, 30.041379, b'0', b'1'),
(517, 'مؤسسة الزكاة', 31.346331, 30.145221, b'0', b'1'),
(518, 'ماسبيرو', 31.321061, 30.095855, b'0', b'1'),
(519, 'مايو', 31.342726, 29.890785, b'0', b'1'),
(520, 'مبدان لبنان', 31.193029, 30.059567, b'0', b'1'),
(521, 'مجرى العيون', 31.241525, 30.019719, b'0', b'1'),
(522, 'مجمع المدارس ( الفسطاط )', 31.17863, 27.206163, b'0', b'1'),
(523, 'مجمع مدارس الفسطاط', 31.17863, 27.206163, b'0', b'1'),
(524, 'محطة الاتحاد', 31.186154, 30.031953, b'0', b'1'),
(525, 'محطة السرفيس', 31.284412, 30.073019, b'0', b'1'),
(526, 'محطة الكهرباء', 31.271088, 30.10799, b'0', b'1'),
(527, 'محطة المرج', 31.335992, 30.15419, b'0', b'1'),
(528, 'محطة المرج الجديدة', 31.334294, 30.148177, b'0', b'1'),
(529, 'محطة المطرية (المترو)', 31.313953, 30.113262, b'0', b'1'),
(530, 'محطة طرة', 31.273934, 29.945305, b'0', b'1'),
(531, 'محطة طرة للأنفاق', 31.248962, 30.063665, b'0', b'1'),
(532, 'محطة مترو الأنفاق بالمرج', 31.249281, 30.062838, b'0', b'1'),
(533, 'محور الجمالية', 31.263673, 30.052003, b'0', b'1'),
(534, 'مدينة', 31.235712, 30.04442, b'0', b'1'),
(535, 'مدينة البعوث', 31.276529, 30.05623, b'0', b'1'),
(536, 'مدينة الحرفيين', 31.403756, 30.152756, b'0', b'1'),
(537, 'مدينة السلام', 31.411875, 30.170333, b'0', b'1'),
(538, 'مدينة السلام ( أسبيكو )', 31.391462, 30.166614, b'0', b'1'),
(539, 'مدينة السلام ( القاهرة و )', 31.411875, 30.170333, b'0', b'1'),
(540, 'مدينة السلام (أسبيكو)', 31.391462, 30.166614, b'0', b'1'),
(541, 'مدينة السلام (إسكندرية)', 31.417183, 30.180524, b'0', b'1'),
(542, 'مدينة السلام (اسبيكو)', 31.391462, 30.166614, b'0', b'1'),
(543, 'مدينة السلام (اسكندرية)', 31.417183, 30.180524, b'0', b'1'),
(544, 'مدينة السلام القاهرة', 31.411875, 30.170333, b'0', b'1'),
(545, 'مدينة السلام اللبن', 31.23973, 29.999375, b'0', b'1'),
(546, 'مدينة الشروق', 31.639718, 30.144212, b'0', b'1'),
(547, 'مدينة الشيخ زايد', 30.97616, 30.049163, b'0', b'1'),
(548, 'مدينة الضباط', 31.307458, 29.895925, b'0', b'1'),
(549, 'مدينة الطلبة', 31.288162, 30.078476, b'0', b'1'),
(550, 'مدينة الطلبه', 31.288162, 30.078476, b'0', b'1'),
(551, 'مدينة العبور', 31.479895, 30.228341, b'0', b'1'),
(552, 'مدينة القانونيين', 31.333392, 30.067233, b'0', b'1'),
(553, 'مدينة النهضة', 31.328008, 30.063941, b'0', b'1'),
(554, 'مدينة النور', 31.260876, 30.103449, b'0', b'1'),
(555, 'مدينة نصر', 31.330108, 30.05661, b'0', b'1'),
(556, 'مدينه الطلبة', 31.288162, 30.078476, b'0', b'1'),
(557, 'مر صفا', 31.222806, 30.057058, b'0', b'1'),
(558, 'مراد', 31.258513, 30.064855, b'0', b'1'),
(559, 'مزلقان الدويقة', 31.255608, 30.071289, b'0', b'1'),
(560, 'مزلقان زكى', 31.255215, 30.086214, b'0', b'1'),
(561, 'مساكن اسكو', 31.252768, 30.120315, b'0', b'1'),
(562, 'مساكن الأميرية', 31.301802, 30.117595, b'0', b'1'),
(563, 'مساكن الحرفين بالدويقة', 31.29011, 30.037839, b'0', b'1'),
(564, 'مساكن الحرفيين', 31.398722, 30.144321, b'0', b'1'),
(565, 'مساكن الحرفيين بالدويقة', 31.29011, 30.037839, b'0', b'1'),
(566, 'مساكن الحلمية', 31.248831, 30.027301, b'0', b'1'),
(567, 'مساكن الحلميه', 31.248831, 30.027301, b'0', b'1'),
(568, 'مساكن الدويقة', 31.267298, 29.98971, b'0', b'1'),
(569, 'مساكن الدويقة الجديدة', 31.327018, 30.000943, b'0', b'1'),
(570, 'مساكن الدويقه الجديدة', 31.327018, 30.000943, b'0', b'1'),
(571, 'مساكن الشباب', 31.467042, 30.253796, b'0', b'1'),
(572, 'مساكن الشروق', 31.360223, 30.06821, b'0', b'1'),
(573, 'مساكن الضباط', 31.378753, 30.080779, b'0', b'1'),
(574, 'مساكن الطوب الرملى', 31.363353, 30.041387, b'0', b'1'),
(575, 'مساكن الماطة', 31.301802, 30.117595, b'0', b'1'),
(576, 'مساكن الماظة', 31.301802, 30.117595, b'0', b'1'),
(577, 'مساكن النصر', 31.231232, 30.078031, b'0', b'1'),
(578, 'مساكن الوحدة', 31.196227, 30.01392, b'0', b'1'),
(579, 'مساكن زينهم', 31.244982, 30.02338, b'0', b'1'),
(580, 'مساكن شيراتون', 31.370512, 30.10083, b'0', b'1'),
(581, 'مساكن شيرتوان', 31.374488, 30.107202, b'0', b'1'),
(582, 'مساكن عثمان', 31.274561, 30.082925, b'0', b'1'),
(583, 'مساكن عين شمس', 31.301802, 30.117595, b'0', b'1'),
(584, 'مساكن عين شمس اض 1', 31.279952, 30.129683, b'0', b'1'),
(585, 'مساكن عين شمس م . الحجاز', 31.232105, 30.04158, b'0', b'1'),
(586, 'مستشفى الحسين', 31.26592, 30.045257, b'0', b'1'),
(587, 'مسرة', 31.242355, 30.073386, b'0', b'1'),
(588, 'مسطرد', 31.286932, 30.141235, b'0', b'1'),
(589, 'مسطرد 15', 31.264675, 30.1233, b'0', b'1'),
(590, 'مسكن اسكو', 31.252768, 30.120315, b'0', b'1'),
(591, 'مسكن الشروق', 31.360223, 30.06821, b'0', b'1'),
(592, 'مسكن الطوب الرملي', 31.363353, 30.041387, b'0', b'1'),
(593, 'مسكن عين شمس', 31.330018, 30.127944, b'0', b'1'),
(594, 'مسلة', 31.310329, 30.131217, b'0', b'1'),
(595, 'مشتهر', 31.244561, 30.046472, b'0', b'1'),
(596, 'مصر إسكندرية الزراعى', 30.750244, 30.81286, b'0', b'1'),
(597, 'مصر إسكندرية الزراعي', 30.750244, 30.81286, b'0', b'1'),
(598, 'مصر الإسماعيلية', 32.264324, 30.588511, b'0', b'1'),
(599, 'مصر الجديدة', 31.322709, 30.090984, b'0', b'1'),
(600, 'مصر والسودان', 31.278838, 30.079308, b'0', b'1'),
(601, 'مصطفى النحاس', 31.280134, 30.094034, b'0', b'1'),
(602, 'مطار القاهرة', 31.365337, 30.107405, b'0', b'1'),
(603, 'مظلات', 31.245589, 30.104064, b'0', b'1'),
(604, 'معهد التكنولوجيا', 31.221672, 30.05871, b'0', b'1'),
(605, 'معهد الخدمة الاجتماعية', 31.231097, 30.031374, b'0', b'1'),
(606, 'مكرم عبيد', 31.344979, 30.062025, b'0', b'1'),
(607, 'منشأة القناطر', 30.804375, 30.814276, b'0', b'1'),
(608, 'منشاة ناصر', 31.278252, 30.03623, b'0', b'1'),
(609, 'منشية البكري', 31.311269, 30.083613, b'0', b'1'),
(610, 'منشية الصدر', 31.287671, 30.085289, b'1', b'1'),
(611, 'منشية ناصر', 31.278252, 30.03623, b'0', b'1'),
(612, 'منطي', 31.246571, 30.145387, b'0', b'1'),
(613, 'منيرة', 31.202534, 30.081054, b'0', b'1'),
(614, 'منيرة إمبابة', 31.198418, 30.079579, b'0', b'1'),
(615, 'منيل', 31.226865, 30.021361, b'0', b'1'),
(616, 'مهمشة', 31.264067, 30.073968, b'0', b'1'),
(617, 'موتسيان', 31.190796, 29.984314, b'0', b'1'),
(618, 'موقف المرج', 31.338507, 30.165094, b'0', b'1'),
(619, 'ميت رهينة', 31.245467, 29.848672, b'0', b'1'),
(620, 'ميت عقبة', 31.197236, 30.064794, b'0', b'1'),
(621, 'ميت عقبه', 31.197236, 30.064794, b'0', b'1'),
(622, 'ميت كنانة', 31.231617, 30.140491, b'0', b'1'),
(623, 'ميت كنانه ال', 31.261346, 30.385681, b'0', b'1'),
(624, 'ميدان الأمام', 31.286331, 29.984989, b'0', b'1'),
(625, 'ميدان الاتحاد', 31.257775, 30.089854, b'0', b'1'),
(626, 'ميدان الاسماعيليه', 31.281709, 30.098941, b'0', b'1'),
(627, 'ميدان الجيزة', 31.211436, 30.027848, b'0', b'1'),
(628, 'ميدان الحجاز', 31.346189, 30.111303, b'0', b'1'),
(629, 'ميدان الحدائق', 31.248343, 30.094528, b'0', b'1'),
(630, 'ميدان الرماية', 31.235032, 29.995212, b'0', b'1'),
(631, 'ميدان الطيران', 31.32465, 30.067425, b'0', b'1'),
(632, 'ميدان العتبة', 31.227291, 30.043339, b'0', b'1'),
(633, 'ميدان المطرية', 31.306257, 30.115374, b'0', b'1'),
(634, 'ميدان لبنان', 31.193029, 30.059567, b'0', b'1'),
(635, 'نادى السكة', 31.2348, 30.068986, b'0', b'1'),
(636, 'ناهيا', 31.181791, 30.044669, b'0', b'1'),
(637, 'نخلة المطيعى', 31.341552, 30.100911, b'0', b'1'),
(638, 'نقل جماعى', 31.348294, 30.090056, b'0', b'1'),
(639, 'نقل جماعى سبيكو', 31.335157, 30.098319, b'0', b'1'),
(640, 'نهضة مصر', 31.439904, 30.171561, b'0', b'1'),
(641, 'نوى', 31.263381, 30.059023, b'0', b'1'),
(642, 'هارون', 31.308233, 29.995081, b'0', b'1'),
(643, 'هارون الرشيد', 31.328797, 30.09713, b'0', b'1'),
(644, 'هضبة الهرم', 31.1509, 29.9883, b'0', b'1'),
(645, 'وراق العرب', 31.211122, 30.096994, b'0', b'1'),
(646, 'وزارة الزراعة', 31.211801, 30.045751, b'0', b'1'),
(647, 'يوسف عباس', 31.319763, 30.066648, b'0', b'1'),
(648, 'جامعة حلوان', 31.316525, 29.867014, b'1', b'0'),
(649, 'وادى حوف', 31.245327, 30.037184, b'1', b'0'),
(650, 'حدائق حلوان', 31.304069, 29.891004, b'1', b'0'),
(651, 'طرة الاسمنت', 31.288386, 29.923279, b'1', b'0'),
(652, 'كوتيسكا', 31.279091, 29.938051, b'1', b'0'),
(653, 'طرة البلد', 31.27298, 29.946763, b'1', b'0'),
(654, 'حدائق المعادى', 31.265364, 29.952708, b'1', b'0'),
(655, 'مارى جرجس', 31.257428, 30.07931, b'1', b'0'),
(656, 'ميدان التحرير', 31.235266, 30.044539, b'1', b'0'),
(657, 'الاسعاف', 31.209613, 30.010753, b'1', b'0'),
(658, 'ميدان رمسيس', 31.246985, 30.063085, b'1', b'0'),
(659, 'الدمرداش', 31.275512, 30.073553, b'1', b'0'),
(660, 'حمامات القبة', 31.298901, 30.091255, b'1', b'0'),
(661, 'سرايا القبة', 31.235712, 30.04442, b'1', b'0'),
(662, 'حدائق الزيتون', 31.31045, 30.10593, b'1', b'0'),
(663, 'حلمية الزيتون', 31.318419, 30.119387, b'1', b'0'),
(664, 'ضواحى الجيزة', 31.1509, 29.9883, b'1', b'0'),
(665, 'محطة الجيزة', 31.235187, 29.992704, b'1', b'0'),
(666, 'البحوث', 31.205813, 30.041124, b'1', b'0'),
(667, 'الأوبرا', 31.224181, 30.042705, b'1', b'0'),
(668, 'محمد نجيب', 31.244162, 30.045322, b'1', b'0'),
(669, 'مبارك', 31.258361, 30.084875, b'1', b'0'),
(670, 'المسرة', 31.242355, 30.073386, b'1', b'0'),
(671, 'سانت تريزا', 31.245503, 30.087959, b'1', b'0');

--
-- Indexes for dumped tables
--

--
-- Indexes for table `Buses`
--
ALTER TABLE `Buses`
  ADD PRIMARY KEY (`ID`),
  ADD UNIQUE KEY `ID` (`ID`),
  ADD UNIQUE KEY `name` (`name`);

--
-- Indexes for table `Bus_stations`
--
ALTER TABLE `Bus_stations`
  ADD PRIMARY KEY (`bus_id`,`station_id`);

--
-- Indexes for table `Stations`
--
ALTER TABLE `Stations`
  ADD PRIMARY KEY (`ID`),
  ADD UNIQUE KEY `ID` (`ID`),
  ADD UNIQUE KEY `name` (`name`);

--
-- AUTO_INCREMENT for dumped tables
--

--
-- AUTO_INCREMENT for table `Buses`
--
ALTER TABLE `Buses`
  MODIFY `ID` int(11) NOT NULL AUTO_INCREMENT, AUTO_INCREMENT=838;
--
-- AUTO_INCREMENT for table `Stations`
--
ALTER TABLE `Stations`
  MODIFY `ID` int(11) NOT NULL AUTO_INCREMENT, AUTO_INCREMENT=672;
/*!40101 SET CHARACTER_SET_CLIENT=@OLD_CHARACTER_SET_CLIENT */;
/*!40101 SET CHARACTER_SET_RESULTS=@OLD_CHARACTER_SET_RESULTS */;
/*!40101 SET COLLATION_CONNECTION=@OLD_COLLATION_CONNECTION */;
