-- phpMyAdmin SQL Dump
-- version 4.5.4.1deb2ubuntu2
-- http://www.phpmyadmin.net
--
-- Host: localhost
-- Generation Time: Apr 29, 2017 at 11:18 PM
-- Server version: 5.7.18-0ubuntu0.16.04.1
-- PHP Version: 7.0.15-0ubuntu0.16.04.4

SET SQL_MODE = "NO_AUTO_VALUE_ON_ZERO";
SET time_zone = "+00:00";


/*!40101 SET @OLD_CHARACTER_SET_CLIENT=@@CHARACTER_SET_CLIENT */;
/*!40101 SET @OLD_CHARACTER_SET_RESULTS=@@CHARACTER_SET_RESULTS */;
/*!40101 SET @OLD_COLLATION_CONNECTION=@@COLLATION_CONNECTION */;
/*!40101 SET NAMES utf8mb4 */;

--
-- Database: `Mwaslaty`
--

-- --------------------------------------------------------

--
-- Table structure for table `Buses`
--

CREATE TABLE `Buses` (
  `ID` int(11) NOT NULL,
  `name` varchar(50) COLLATE utf8_unicode_ci NOT NULL,
  `cost` float DEFAULT NULL
) ENGINE=InnoDB DEFAULT CHARSET=utf8 COLLATE=utf8_unicode_ci;

--
-- Dumping data for table `Buses`
--

INSERT INTO `Buses` (`ID`, `name`, `cost`) VALUES
(1, '1062 ', 2),
(2, '1092 ', 2),
(3, '1079 ', 2),
(4, '1072 ', 2),
(5, '1073 ', 2),
(6, '1074 ', 2),
(7, '1081 ', 2),
(8, '1080 ', 2),
(9, '1067 ', 2),
(10, '1065 ', 2),
(11, '1066 ', 2),
(12, '27 ', 2),
(13, '17 ', 2),
(14, '401 ', 2),
(15, '69 ', 2),
(16, '72 ', 2),
(17, '82 ', 2),
(18, '998 ', 2),
(19, '1 ', 2),
(20, '11 ', 2),
(21, '12 ', 2),
(22, '174 ', 2),
(23, '176 ', 2),
(24, '202 ', 2),
(25, '210 ', 2),
(26, '216 ', 2),
(27, '24 ', 2),
(28, '3 ', 2),
(29, '300 ', 2),
(30, '31 ', 2),
(31, '333 ', 2),
(32, '35 ', 2),
(33, '400 ', 2),
(35, '41 ', 2),
(36, '44 ', 2),
(37, '46 ', 2),
(38, '500 ', 2),
(39, '54 ', 2),
(40, '567 ', 2),
(41, '60 ', 2),
(42, '62 ', 2),
(44, '73 ', 2),
(45, '8 ', 2),
(46, '80 ', 2),
(47, '817 ', 2),
(49, '878 ', 2),
(50, '919 ', 2),
(51, '920 ', 2),
(52, '927 ', 2),
(53, '932 ', 2),
(54, '940 ', 2),
(55, '941 ', 2),
(56, '943 ', 2),
(57, '945 ', 2),
(58, '950 ', 2),
(59, '956 ', 2),
(60, '969 ', 2),
(61, '973 ', 2),
(62, '979 ', 2),
(63, '994 ', 2),
(68, '1 ط ', 2),
(69, '10 نقل جماعى ', 2),
(70, '10 ج ', 2),
(71, '105 هـ ', 2),
(72, '106 ', 2),
(73, '107 ', 2),
(75, '108 مينى باص ', 2),
(76, '109 ', 2),
(79, '11 ط ', 2),
(80, '110 ', 2),
(81, '114 ', 2),
(82, '114 هـ ', 2),
(83, '115 ', 2),
(84, '116 ', 2),
(86, '11 ج ', 2),
(87, '11 مكيف نقل جماعى ', 2),
(90, '12 ج ', 2),
(91, '12 ترام ', 2),
(92, '120 ', 2),
(93, '120 نقل جماعى ', 2),
(94, '121 ', 2),
(95, '121 نقل جماعى ', 2),
(96, '122 ', 2),
(97, '122 هـ ', 2),
(98, '123 ', 2),
(99, '123 مينى باص ', 2),
(100, '123 هـ ', 2),
(101, '124 ', 2),
(102, '124 هـ نقل جماعى ', 2),
(103, '125 نقل جماعى ', 2),
(104, '125 ش القاهرة ', 2),
(105, '126 نقل جماعى ', 2),
(106, '128هـ نقل جماعى ', 2),
(107, '129 هـ نقل جماعى ', 2),
(109, '12مكيف نقل جماعى ', 2),
(110, '130 ', 2),
(111, '131 مينى باص ', 2),
(112, '132 ', 2),
(113, '132 هـ ', 2),
(114, '134 ', 2),
(116, '134 هـ نقل جماعى ', 2),
(117, '135 هـ نقل جماعى ', 2),
(118, '136 نقل جماعى ', 2),
(119, '13 ج ', 2),
(120, '13 مكيف نقل جماعى ', 2),
(121, '14 ج ', 2),
(123, '14 م ', 2),
(124, '14 مكيف نقل جماعى ', 2),
(125, '15 ', 2),
(126, '15 نقل جماعى ', 2),
(127, '150 مينى باص ', 2),
(128, '150 هـ نقل جماعى ', 2),
(129, '151 نقل جماعى ', 2),
(130, '152 نقل جماعى ', 2),
(131, '153 نقل جماعى ', 2),
(132, '154 مينى باص ', 2),
(133, '155 ', 2),
(134, '155 مينى باص ', 2),
(135, '156 هـ نقل جماعى ', 2),
(136, '157 ', 2),
(137, '157 نقل جماعى ', 2),
(138, '158 ', 2),
(139, '159 ', 2),
(140, '15 ج ', 2),
(141, '16 ', 2),
(142, '16 نقل جماعى ', 2),
(143, '16 ج ', 2),
(144, '160 ', 2),
(145, '160 نقل جماعى ', 2),
(147, '165 نقل جماعى ', 2),
(148, '166 نقل جماعى ', 2),
(150, '17 نقل جماعى ', 2),
(151, '17 ط ', 2),
(152, '170 ', 2),
(154, '175 ', 2),
(156, '178 ', 2),
(157, '179 ', 2),
(158, '17 ج ', 2),
(159, '18 ', 2),
(160, '18 نقل جماعى ', 2),
(161, '180 نقل جماعى ', 2),
(162, '181 نقل جماعى ', 2),
(163, '182 ', 2),
(164, '182 نقل جماعى ', 2),
(165, '183 مينى باص ', 2),
(166, '184 نقل جماعى ', 2),
(167, '19 ', 2),
(168, '19 نقل جماعى ', 2),
(169, '19 ج ', 2),
(170, '190 ', 2),
(171, '195 نقل جماعى ', 2),
(172, '196 ', 2),
(174, '1 ج ', 2),
(175, '2 نقل جماعى ', 2),
(176, '2 ج نزهه ', 2),
(177, '2 ج مسلة ', 2),
(178, '20 ', 2),
(179, '20 ج ', 2),
(180, '20 مينى باص ', 2),
(181, '20 هـ نقل جماعى ', 2),
(182, '200 ', 2),
(183, '201 ش القاهرة ', 2),
(184, '203 ش القاهرة ', 2),
(185, '20ج ', 2),
(186, '21 ', 2),
(188, '21 مينى باص ', 2),
(190, '211 ', 2),
(191, '212 ', 2),
(192, '213 ', 2),
(193, '214 ', 2),
(194, '215 ', 2),
(197, '217 ', 2),
(198, '218 ', 2),
(199, '219 ', 2),
(200, '21 ج ', 2),
(201, '21 هـ نقل جماعى ', 2),
(202, '22 نقل جماعى ', 2),
(203, '22 ج ', 2),
(204, '23 ج ', 2),
(205, '23 نقل جماعى ', 2),
(206, '23 مينى باص ', 2),
(209, '24 ط ', 2),
(210, '24 نقل جماعى ', 2),
(212, '24 ج ', 2),
(213, '25 نقل جماعى ', 2),
(214, '250 ', 2),
(215, '26 ', 2),
(216, '26 ج ', 2),
(218, '27 مينى باص ', 2),
(219, '27 ج ', 2),
(220, '28 ', 2),
(221, '28 ط ', 2),
(222, '28 ج ', 2),
(223, '29 ج ', 2),
(224, '290 ', 2),
(226, '2 ج ', 2),
(227, '3 نقل جماعى ', 2),
(228, '3 ج ', 2),
(229, '30 ', 2),
(230, '30 ج ', 2),
(231, '30 نقل جماعى ', 2),
(232, '30 مينى باص ', 2),
(235, '301 نقل جماعى ', 2),
(236, '302 نقل جماعى ', 2),
(237, '302 ش القاهرة ', 2),
(238, '303 نقل جماعى ', 2),
(239, '304 نقل جماعى ', 2),
(240, '305 نقل جماعى ', 2),
(241, '305 ش القاهرة ', 2),
(242, '306 نقل جماعى ', 2),
(243, '306 ش القاهرة ', 2),
(245, '307 نقل جماعى ', 2),
(246, '308 نقل جماعى ', 2),
(247, '309 نقل جماعى ', 2),
(249, '30 هـ نقل جماعى ', 2),
(251, '31 نقل جماعى ', 2),
(252, '31 ج ', 2),
(253, '31 مينى باص ', 2),
(254, '310 نقل جماعى ', 2),
(255, '311 نقل جماعى ', 2),
(256, '312 ', 2),
(257, '312 نقل جماعى ', 2),
(258, '313 نقل جماعى ', 2),
(259, '314 نقل جماعى ', 2),
(260, '314 ش القاهرة ', 2),
(261, '315 ', 2),
(262, '315 نقل جماعى ', 2),
(263, '318 ', 2),
(265, '32 نقل جماعى ', 2),
(266, '32 ترام ', 2),
(267, '32 مينى باص ', 2),
(268, '320 ', 2),
(269, '321 ', 2),
(270, '322 ', 2),
(271, '328 ', 2),
(272, '32 هـ نقل جماعى ', 2),
(273, '33 ', 2),
(274, '33 ط ', 2),
(275, '33 ترام ', 2),
(276, '33 مينى باص ', 2),
(277, '330 ', 2),
(278, '331 ', 2),
(281, '335 ', 2),
(282, '336 ', 2),
(283, '337 ', 2),
(284, '338 ', 2),
(285, '339 ', 2),
(286, '33 ج ', 2),
(287, '33 هـ نقل جماعى ', 2),
(288, '34 نقل جماعى ', 2),
(289, '34 ط ', 2),
(292, '34 ج ', 2),
(294, '340 ', 2),
(295, '341 ', 2),
(296, '342 ', 2),
(297, '344 ', 2),
(298, '345 ', 2),
(299, '346 ', 2),
(300, '347 ', 2),
(301, '348 ', 2),
(302, '349 ', 2),
(306, '35 ط ', 2),
(307, '35 مينى باص ', 2),
(308, '350 ', 2),
(309, '35 ج ', 2),
(310, '36 ', 2),
(311, '36 نقل جماعى ', 2),
(312, '36 ج ', 2),
(313, '36 ترام ', 2),
(315, '37 ج ', 2),
(317, '39 ', 2),
(318, '39 مينى باص ', 2),
(320, '39 هـ نقل جماعى ', 2),
(322, '4 ', 2),
(323, '4 نقل جماعى ', 2),
(324, '4 ط ', 2),
(325, '40 ترام ', 2),
(331, '403 ش القاهرة ', 2),
(332, '406 ش القاهرة ', 2),
(333, '407 ', 2),
(334, '409 ش القاهرة ', 2),
(335, '40 هـ نقل جماعى ', 2),
(338, '41 ترام ', 2),
(339, '411 ش القاهرة ', 2),
(340, '412 ', 2),
(341, '413 ', 2),
(342, '414 ', 2),
(343, '41 هـ نقل جماعى »»»مساكن عثمان ', 2),
(344, '42 ترام ', 2),
(345, '43 ', 2),
(346, '43 ترام ', 2),
(347, '430 ', 2),
(348, '431 ش القاهرة ', 2),
(349, '432 ش القاهرة ', 2),
(350, '433 ش القاهرة ', 2),
(351, '434 ', 2),
(352, '435 ', 2),
(355, '44 ترام ', 2),
(356, '440 ش القاهرة ', 2),
(357, '442 ش القاهرة ', 2),
(358, '443 ش القاهرة ', 2),
(359, '444 ش القاهرة ', 2),
(360, '445 ش القاهرة ', 2),
(361, '448 ش القاهرة ', 2),
(362, '45 ', 2),
(363, '45 مينى باص ', 2),
(364, '450 ش القاهرة ', 2),
(367, '46 مينى باص ', 2),
(368, '47 ', 2),
(369, '47 مينى باص ', 2),
(370, '48 ', 2),
(371, '48 مينى باص ', 2),
(372, '49 مينى باص ', 2),
(373, '4 ج ', 2),
(374, '5 نقل جماعى ', 2),
(375, '5 ط ', 2),
(376, '5 ترام ', 2),
(377, '50 مينى باص ', 2),
(380, '51 ', 2),
(381, '51 مينى باص ', 2),
(382, '510 ', 2),
(383, '52 مينى باص ', 2),
(384, '529 ', 2),
(385, '53 ', 2),
(388, '55 ', 2),
(389, '55 مينى باص ', 2),
(390, '550 ', 2),
(391, '555 ', 2),
(392, '56 مينى باص ', 2),
(393, '562 ', 2),
(394, '563 ', 2),
(395, '564 ', 2),
(396, '565 ', 2),
(397, '566 ', 2),
(399, '568 ', 2),
(400, '56 هـ نقل جماعى ', 2),
(401, '57 ', 2),
(402, '570 ', 2),
(403, '58 ', 2),
(404, '58 مينى باص ', 2),
(405, '58 هـ نقل جماعى ', 2),
(406, '59 ', 2),
(407, '5 ج ', 2),
(408, '6 ', 2),
(409, '6 نقل جماعى ', 2),
(411, '60 نقل جماعى ', 2),
(413, '60 مينى باص ', 2),
(414, '600 ', 2),
(415, '61 مينى باص ', 2),
(416, '611 ', 2),
(418, '62 نقل جماعى ', 2),
(419, '62 مينى باص ', 2),
(420, '63 ', 2),
(421, '64 ', 2),
(422, '65 ', 2),
(423, '65 م ', 2),
(425, '66 ', 2),
(426, '666 ', 2),
(427, '67 ', 2),
(428, '68 مينى باص ', 2),
(431, '6 ج ', 2),
(432, '7 ', 2),
(433, '7 نقل جماعى ', 2),
(434, '70 مينى باص ', 2),
(435, '700 ', 2),
(436, '701 ش القاهرة ', 2),
(437, '702 ش القاهرة ', 2),
(438, '703 ش القاهرة ', 2),
(439, '704 ش القاهرة ', 2),
(440, '705 ش القاهرة ', 2),
(441, '706 ش القاهرة ', 2),
(442, '709 ش القاهرة ', 2),
(443, '71 ', 2),
(444, '710 ', 2),
(450, '732 ش القاهرة ', 2),
(451, '733 ش القاهرة ', 2),
(452, '74 ', 2),
(453, '743 ش القاهرة ', 2),
(454, '746 ش القاهرة ', 2),
(455, '75 نقل جماعى ', 2),
(456, '75 مينى باص ', 2),
(457, '750 ش القاهرة ', 2),
(458, '757 ش القاهرة ', 2),
(459, '758 ش القاهرة ', 2),
(460, '759 ش القاهرة ', 2),
(462, '76 نقل جماعى ', 2),
(463, '760 ش القاهرة ', 2),
(464, '77 نقل جماعى ', 2),
(465, '77 مينى باص ', 2),
(466, '770 ش القاهرة ', 2),
(467, '771 ش القاهرة ', 2),
(468, '772 ش القاهرة ', 2),
(469, '777 ', 2),
(470, '78 ', 2),
(471, '78 نقل جماعى ', 2),
(472, '79 نقل جماعى ', 2),
(473, '790 ش القاهرة ', 2),
(474, '791 ش القاهرة ', 2),
(475, '792 ش القاهرة ', 2),
(477, '793 ش القاهرة ', 2),
(478, '794 ش القاهرة ', 2),
(479, '795 ش القاهرة ', 2),
(480, '7 ج ', 2),
(482, '8 نقل جماعى ', 2),
(484, '80 نقل جماعى ', 2),
(486, '800 ', 2),
(487, '803 ش القاهرة ', 2),
(489, '81 نقل جماعى ', 2),
(490, '810 ', 2),
(491, '811 ', 2),
(492, '812 ', 2),
(493, '814 ', 2),
(494, '815 ', 2),
(497, '818 ', 2),
(501, '82 مينى باص ', 2),
(502, '820 ', 2),
(503, '824 ', 2),
(504, '825 ', 2),
(505, '828 ', 2),
(506, '83 ', 2),
(507, '83 مينى باص ', 2),
(508, '831 ', 2),
(509, '833 ', 2),
(510, '837 ', 2),
(511, '84 مينى باص ', 2),
(512, '840 ', 2),
(513, '85 ', 2),
(514, '85 نقل جماعى ', 2),
(515, '855 ', 2),
(516, '86 ', 2),
(517, '86 نقل جماعى ', 2),
(518, '865 ', 2),
(519, '869 ', 2),
(520, '87 ', 2),
(523, '88 ', 2),
(524, '888 ', 2),
(525, '8 ج ', 2),
(526, '9 ', 2),
(527, '9 نقل جماعى ', 2),
(528, '90 نقل جماعى ', 2),
(529, '90 مينى باص ', 2),
(530, '900 ', 2),
(531, '903 ', 2),
(532, '909 ش القاهرة ', 2),
(533, '910 ', 2),
(534, '911 ', 2),
(535, '912 ', 2),
(536, '913 ', 2),
(537, '914 ', 2),
(538, '915 ', 2),
(539, '916 ', 2),
(540, '917 ', 2),
(541, '918 ', 2),
(546, '921 ', 2),
(547, '922 ', 2),
(548, '923 ', 2),
(549, '924 ', 2),
(550, '925 ', 2),
(551, '926 ', 2),
(554, '93 مينى باص ', 2),
(556, '93 هـ نقل جماعى ', 2),
(557, '930 ', 2),
(558, '931 ', 2),
(561, '933 ', 2),
(562, '934 ', 2),
(563, '935 ', 2),
(564, '936 ', 2),
(565, '937 ', 2),
(566, '938 ', 2),
(567, '939 ', 2),
(569, '94 ', 2),
(570, '94 مينى باص ', 2),
(575, '942 ', 2),
(578, '944 ', 2),
(581, '946 ', 2),
(582, '947 ', 2),
(583, '948 ', 2),
(584, '949 ', 2),
(585, '95 ', 2),
(586, '95 نقل جماعى ', 2),
(589, '951 ', 2),
(590, '952 ', 2),
(591, '953 ', 2),
(592, '954 ', 2),
(593, '955 ', 2),
(596, '957 ', 2),
(597, '958 ', 2),
(598, '959 ', 2),
(599, '96 ', 2),
(601, '962 ', 2),
(602, '966 ش القاهرة ', 2),
(603, '967 ', 2),
(604, '968 ', 2),
(607, '970 ', 2),
(608, '971 ', 2),
(609, '972 ', 2),
(612, '975 ', 2),
(613, '976 ', 2),
(614, '977 ', 2),
(615, '978 ', 2),
(618, '980 ', 2),
(619, '981 ', 2),
(620, '982 ', 2),
(621, '984 ', 2),
(622, '985 ', 2),
(623, '986 ', 2),
(624, '987 ', 2),
(625, '988 ', 2),
(626, '989 ', 2),
(627, '990 ', 2),
(628, '991 ', 2),
(629, '992 ', 2),
(630, '993 ', 2),
(632, '995 ', 2),
(633, '996 ', 2),
(634, '997 ', 2),
(638, '999 ', 2),
(639, '9 ج ', 2);

-- --------------------------------------------------------

--
-- Table structure for table `Bus_stations`
--

CREATE TABLE `Bus_stations` (
  `bus_id` int(11) NOT NULL,
  `station_id` int(11) NOT NULL
) ENGINE=InnoDB DEFAULT CHARSET=utf8 COLLATE=utf8_unicode_ci;

--
-- Dumping data for table `Bus_stations`
--

INSERT INTO `Bus_stations` (`bus_id`, `station_id`) VALUES
(1, 81),
(1, 356),
(2, 18),
(2, 224),
(3, 167),
(3, 356),
(4, 52),
(4, 277),
(5, 248),
(5, 277),
(6, 185),
(6, 200),
(7, 323),
(8, 356),
(9, 152),
(9, 513),
(10, 100),
(10, 538),
(11, 18),
(11, 513),
(12, 105),
(12, 248),
(12, 281),
(12, 356),
(13, 230),
(13, 254),
(13, 366),
(13, 412),
(14, 41),
(14, 49),
(14, 63),
(14, 64),
(14, 65),
(14, 135),
(14, 152),
(14, 165),
(14, 189),
(14, 281),
(14, 312),
(14, 314),
(14, 337),
(14, 366),
(14, 485),
(15, 99),
(15, 103),
(15, 106),
(15, 152),
(15, 258),
(15, 281),
(15, 293),
(15, 341),
(15, 350),
(15, 366),
(15, 508),
(16, 76),
(16, 131),
(16, 134),
(16, 135),
(16, 281),
(16, 336),
(16, 357),
(16, 363),
(16, 430),
(16, 441),
(16, 442),
(17, 30),
(17, 57),
(17, 68),
(17, 111),
(17, 161),
(17, 229),
(17, 230),
(17, 236),
(17, 245),
(17, 356),
(17, 363),
(17, 385),
(17, 388),
(17, 429),
(17, 495),
(17, 526),
(17, 527),
(18, 40),
(18, 41),
(18, 48),
(18, 341),
(18, 350),
(18, 354),
(18, 356),
(18, 461),
(18, 480),
(18, 511),
(19, 37),
(19, 149),
(19, 150),
(19, 185),
(19, 196),
(19, 208),
(19, 211),
(19, 212),
(19, 255),
(19, 464),
(19, 469),
(20, 111),
(20, 190),
(20, 210),
(20, 212),
(20, 230),
(20, 255),
(20, 385),
(21, 6),
(21, 9),
(21, 88),
(21, 90),
(21, 133),
(21, 161),
(21, 255),
(21, 264),
(21, 416),
(21, 521),
(22, 40),
(22, 41),
(22, 61),
(22, 63),
(22, 165),
(22, 236),
(23, 17),
(23, 129),
(23, 322),
(23, 366),
(24, 20),
(24, 207),
(24, 261),
(24, 366),
(24, 412),
(25, 152),
(25, 167),
(25, 168),
(25, 322),
(25, 323),
(25, 366),
(25, 393),
(25, 394),
(26, 120),
(26, 185),
(26, 344),
(26, 346),
(26, 393),
(26, 504),
(27, 4),
(27, 40),
(27, 41),
(27, 166),
(27, 322),
(27, 329),
(27, 356),
(27, 366),
(27, 415),
(28, 72),
(28, 88),
(28, 248),
(28, 339),
(28, 481),
(29, 179),
(29, 236),
(29, 281),
(29, 353),
(29, 366),
(29, 387),
(29, 501),
(29, 507),
(30, 83),
(30, 117),
(30, 121),
(30, 228),
(30, 281),
(30, 359),
(31, 59),
(31, 88),
(31, 196),
(31, 244),
(31, 280),
(31, 312),
(31, 400),
(31, 532),
(32, 83),
(32, 96),
(32, 101),
(32, 107),
(32, 263),
(32, 350),
(32, 382),
(32, 387),
(32, 437),
(32, 477),
(33, 83),
(33, 174),
(33, 236),
(33, 350),
(33, 355),
(33, 359),
(33, 489),
(33, 509),
(35, 179),
(35, 184),
(35, 236),
(35, 266),
(35, 350),
(35, 364),
(35, 366),
(35, 381),
(35, 501),
(35, 507),
(36, 96),
(36, 119),
(36, 291),
(36, 350),
(36, 356),
(36, 364),
(36, 366),
(36, 387),
(36, 419),
(36, 507),
(37, 281),
(37, 350),
(37, 356),
(37, 364),
(37, 366),
(37, 380),
(37, 381),
(37, 419),
(37, 476),
(37, 477),
(37, 507),
(38, 174),
(38, 350),
(38, 356),
(38, 364),
(38, 366),
(38, 533),
(39, 111),
(39, 170),
(39, 171),
(39, 230),
(39, 273),
(39, 281),
(39, 350),
(39, 366),
(39, 379),
(39, 484),
(40, 158),
(40, 255),
(40, 432),
(40, 433),
(40, 513),
(41, 21),
(41, 100),
(41, 104),
(41, 213),
(41, 292),
(41, 293),
(41, 337),
(41, 349),
(41, 350),
(41, 547),
(42, 39),
(42, 100),
(42, 101),
(42, 104),
(42, 105),
(42, 213),
(42, 251),
(42, 258),
(42, 289),
(42, 291),
(42, 341),
(42, 350),
(42, 387),
(42, 547),
(44, 73),
(44, 213),
(44, 350),
(44, 390),
(44, 517),
(44, 539),
(45, 88),
(45, 161),
(45, 177),
(45, 206),
(45, 345),
(45, 350),
(45, 357),
(45, 410),
(45, 411),
(45, 495),
(46, 78),
(46, 253),
(46, 289),
(46, 293),
(46, 450),
(46, 468),
(46, 508),
(47, 1),
(47, 2),
(47, 4),
(47, 240),
(47, 282),
(47, 322),
(47, 329),
(47, 421),
(47, 496),
(47, 497),
(49, 16),
(49, 60),
(49, 114),
(49, 115),
(49, 141),
(49, 166),
(49, 213),
(49, 281),
(49, 350),
(49, 475),
(49, 479),
(49, 539),
(50, 50),
(50, 248),
(50, 337),
(50, 350),
(50, 455),
(50, 458),
(51, 323),
(51, 343),
(51, 347),
(51, 356),
(51, 357),
(51, 393),
(51, 429),
(51, 503),
(52, 184),
(52, 235),
(52, 323),
(52, 324),
(52, 329),
(52, 374),
(52, 484),
(52, 496),
(53, 19),
(53, 50),
(53, 55),
(53, 67),
(53, 350),
(53, 452),
(53, 459),
(54, 126),
(54, 127),
(54, 281),
(54, 350),
(54, 356),
(54, 359),
(54, 456),
(54, 457),
(55, 263),
(55, 310),
(55, 350),
(55, 505),
(56, 83),
(56, 130),
(56, 228),
(56, 298),
(56, 359),
(56, 466),
(57, 78),
(57, 216),
(57, 248),
(57, 263),
(57, 350),
(57, 436),
(57, 491),
(58, 54),
(58, 126),
(58, 128),
(58, 341),
(58, 366),
(58, 435),
(58, 455),
(59, 117),
(59, 171),
(59, 184),
(59, 228),
(59, 377),
(59, 378),
(59, 484),
(60, 148),
(60, 149),
(60, 279),
(60, 341),
(60, 349),
(60, 350),
(60, 482),
(60, 499),
(60, 508),
(61, 310),
(61, 350),
(61, 366),
(62, 6),
(62, 14),
(62, 131),
(62, 132),
(62, 133),
(62, 161),
(62, 191),
(62, 255),
(62, 397),
(62, 403),
(63, 88),
(63, 179),
(63, 239),
(63, 420),
(63, 537),
(68, 350),
(68, 356),
(68, 409),
(69, 293),
(69, 473),
(70, 135),
(70, 281),
(70, 304),
(70, 350),
(70, 476),
(70, 477),
(71, 83),
(71, 337),
(72, 196),
(72, 366),
(73, 152),
(73, 196),
(73, 464),
(75, 88),
(75, 189),
(76, 12),
(76, 357),
(79, 3),
(79, 350),
(80, 17),
(80, 196),
(81, 196),
(81, 400),
(82, 138),
(82, 236),
(83, 334),
(83, 357),
(84, 357),
(84, 397),
(84, 403),
(84, 532),
(86, 130),
(86, 266),
(86, 300),
(86, 329),
(86, 350),
(87, 185),
(87, 266),
(87, 533),
(90, 95),
(90, 150),
(90, 184),
(90, 350),
(90, 543),
(91, 55),
(91, 130),
(92, 84),
(92, 272),
(93, 16),
(93, 281),
(93, 293),
(94, 74),
(94, 84),
(95, 230),
(95, 350),
(95, 378),
(96, 195),
(96, 255),
(97, 228),
(97, 269),
(98, 24),
(98, 84),
(99, 267),
(99, 491),
(100, 266),
(101, 196),
(101, 356),
(102, 350),
(102, 487),
(103, 350),
(103, 378),
(103, 408),
(103, 538),
(104, 267),
(104, 463),
(105, 185),
(105, 266),
(105, 293),
(106, 266),
(106, 356),
(106, 372),
(107, 266),
(107, 366),
(107, 372),
(109, 179),
(109, 293),
(110, 356),
(110, 477),
(111, 350),
(111, 490),
(112, 181),
(112, 318),
(112, 356),
(113, 6),
(113, 236),
(114, 17),
(114, 41),
(114, 248),
(114, 315),
(114, 356),
(114, 430),
(116, 208),
(116, 350),
(116, 366),
(117, 29),
(117, 135),
(117, 378),
(118, 65),
(118, 88),
(118, 293),
(118, 523),
(119, 88),
(119, 147),
(119, 255),
(119, 287),
(119, 336),
(120, 149),
(120, 208),
(120, 301),
(120, 491),
(121, 88),
(121, 186),
(121, 234),
(121, 255),
(121, 271),
(121, 287),
(121, 429),
(123, 104),
(123, 318),
(123, 350),
(124, 6),
(124, 150),
(124, 208),
(125, 40),
(125, 41),
(125, 112),
(125, 255),
(125, 334),
(126, 170),
(126, 281),
(126, 366),
(127, 17),
(127, 57),
(128, 16),
(128, 62),
(128, 152),
(129, 41),
(129, 150),
(129, 175),
(130, 103),
(130, 175),
(131, 175),
(132, 76),
(132, 356),
(133, 226),
(134, 290),
(134, 356),
(135, 366),
(135, 373),
(136, 26),
(136, 185),
(136, 428),
(137, 124),
(137, 192),
(138, 393),
(138, 496),
(139, 93),
(139, 185),
(139, 496),
(140, 111),
(140, 118),
(140, 270),
(140, 414),
(140, 532),
(141, 254),
(141, 353),
(141, 417),
(141, 526),
(142, 41),
(142, 350),
(142, 492),
(143, 150),
(143, 271),
(143, 341),
(143, 418),
(143, 429),
(144, 41),
(144, 57),
(144, 131),
(144, 165),
(144, 336),
(144, 357),
(145, 155),
(145, 350),
(145, 473),
(147, 76),
(147, 118),
(147, 135),
(148, 113),
(148, 336),
(148, 538),
(150, 135),
(150, 251),
(151, 76),
(151, 196),
(152, 17),
(152, 193),
(154, 350),
(154, 366),
(154, 412),
(154, 546),
(156, 40),
(156, 41),
(156, 281),
(156, 293),
(156, 341),
(156, 350),
(156, 352),
(157, 251),
(157, 289),
(157, 293),
(157, 349),
(157, 390),
(157, 507),
(158, 76),
(158, 84),
(158, 135),
(158, 197),
(159, 40),
(159, 210),
(159, 412),
(160, 445),
(160, 480),
(161, 103),
(161, 179),
(162, 185),
(162, 277),
(162, 456),
(163, 56),
(163, 57),
(163, 111),
(163, 131),
(163, 165),
(163, 236),
(163, 333),
(163, 334),
(164, 65),
(164, 150),
(164, 460),
(165, 152),
(165, 535),
(166, 83),
(166, 88),
(166, 103),
(166, 523),
(167, 111),
(167, 366),
(167, 417),
(167, 526),
(168, 65),
(168, 284),
(168, 293),
(169, 28),
(169, 105),
(169, 184),
(170, 210),
(170, 242),
(170, 366),
(171, 40),
(171, 188),
(171, 271),
(171, 356),
(172, 198),
(172, 255),
(172, 520),
(174, 281),
(174, 350),
(174, 353),
(174, 408),
(175, 8),
(175, 179),
(175, 366),
(176, 251),
(177, 179),
(177, 251),
(178, 210),
(178, 248),
(178, 250),
(179, 57),
(179, 406),
(180, 332),
(180, 366),
(181, 174),
(181, 266),
(181, 366),
(182, 214),
(182, 220),
(182, 366),
(183, 34),
(183, 323),
(184, 230),
(184, 518),
(185, 56),
(185, 135),
(185, 213),
(185, 337),
(186, 135),
(186, 136),
(186, 206),
(186, 236),
(186, 283),
(186, 322),
(186, 345),
(186, 430),
(186, 495),
(188, 366),
(188, 533),
(190, 318),
(190, 321),
(190, 356),
(190, 393),
(190, 394),
(190, 504),
(191, 10),
(191, 153),
(191, 168),
(191, 323),
(191, 331),
(191, 366),
(192, 25),
(192, 27),
(192, 75),
(192, 220),
(193, 236),
(193, 357),
(193, 424),
(193, 513),
(194, 323),
(194, 327),
(194, 356),
(194, 357),
(194, 393),
(194, 429),
(197, 92),
(197, 93),
(197, 154),
(197, 327),
(197, 338),
(197, 425),
(198, 221),
(198, 222),
(198, 350),
(199, 46),
(199, 185),
(199, 307),
(199, 393),
(199, 471),
(199, 504),
(200, 238),
(200, 266),
(200, 303),
(200, 322),
(200, 495),
(201, 366),
(201, 541),
(202, 135),
(202, 546),
(203, 111),
(203, 118),
(203, 192),
(203, 255),
(203, 412),
(204, 54),
(204, 76),
(204, 135),
(204, 271),
(204, 341),
(204, 404),
(205, 113),
(205, 350),
(205, 389),
(205, 400),
(206, 299),
(206, 491),
(209, 104),
(209, 251),
(210, 106),
(210, 251),
(210, 440),
(212, 78),
(212, 100),
(212, 251),
(212, 341),
(213, 7),
(213, 65),
(213, 480),
(214, 27),
(214, 78),
(214, 172),
(214, 322),
(214, 366),
(214, 519),
(215, 30),
(215, 248),
(215, 323),
(215, 324),
(215, 350),
(215, 353),
(215, 356),
(215, 366),
(215, 429),
(215, 438),
(216, 161),
(216, 249),
(216, 350),
(216, 366),
(218, 356),
(218, 509),
(219, 101),
(219, 161),
(219, 236),
(219, 248),
(219, 350),
(220, 17),
(220, 32),
(220, 38),
(220, 40),
(220, 41),
(220, 166),
(220, 356),
(221, 41),
(221, 252),
(221, 350),
(222, 35),
(222, 281),
(222, 341),
(222, 350),
(222, 405),
(223, 80),
(223, 88),
(223, 186),
(223, 190),
(223, 255),
(223, 287),
(223, 288),
(224, 41),
(224, 179),
(224, 239),
(224, 322),
(224, 496),
(224, 501),
(226, 179),
(226, 263),
(227, 6),
(227, 236),
(227, 473),
(228, 341),
(228, 350),
(228, 365),
(228, 494),
(229, 40),
(229, 41),
(229, 111),
(229, 250),
(229, 410),
(229, 411),
(229, 412),
(230, 200),
(230, 250),
(230, 266),
(230, 281),
(230, 287),
(231, 291),
(231, 350),
(232, 293),
(232, 356),
(235, 113),
(235, 283),
(235, 515),
(236, 83),
(236, 192),
(236, 533),
(237, 83),
(237, 179),
(238, 89),
(238, 532),
(239, 106),
(239, 185),
(239, 396),
(240, 281),
(240, 283),
(240, 387),
(241, 41),
(241, 387),
(242, 277),
(242, 350),
(242, 478),
(243, 71),
(243, 88),
(243, 472),
(245, 350),
(245, 434),
(247, 350),
(249, 293),
(249, 350),
(249, 356),
(251, 350),
(251, 490),
(252, 34),
(252, 53),
(252, 336),
(252, 384),
(252, 404),
(252, 406),
(252, 429),
(253, 350),
(253, 490),
(254, 83),
(254, 207),
(255, 236),
(255, 392),
(255, 515),
(256, 184),
(256, 228),
(256, 241),
(256, 366),
(257, 88),
(257, 179),
(257, 372),
(259, 23),
(259, 293),
(259, 476),
(260, 15),
(260, 533),
(261, 175),
(261, 350),
(261, 366),
(261, 387),
(261, 426),
(261, 524),
(262, 313),
(262, 467),
(263, 50),
(263, 175),
(263, 176),
(263, 311),
(263, 381),
(263, 387),
(263, 452),
(265, 293),
(265, 349),
(265, 372),
(266, 537),
(267, 103),
(267, 356),
(268, 50),
(268, 146),
(268, 175),
(268, 444),
(268, 452),
(269, 86),
(269, 108),
(269, 164),
(269, 176),
(269, 444),
(270, 51),
(270, 146),
(270, 176),
(270, 454),
(270, 524),
(271, 67),
(271, 454),
(271, 505),
(271, 533),
(272, 99),
(272, 279),
(272, 360),
(273, 109),
(273, 219),
(273, 283),
(273, 318),
(273, 322),
(273, 342),
(274, 162),
(274, 185),
(275, 55),
(275, 170),
(276, 293),
(276, 366),
(277, 50),
(277, 83),
(277, 263),
(277, 281),
(277, 353),
(277, 452),
(278, 91),
(278, 381),
(278, 399),
(278, 451),
(281, 59),
(281, 74),
(281, 88),
(281, 243),
(281, 525),
(281, 532),
(282, 254),
(282, 353),
(282, 412),
(282, 540),
(283, 59),
(283, 88),
(283, 113),
(283, 326),
(283, 356),
(283, 358),
(284, 65),
(284, 131),
(284, 135),
(284, 163),
(284, 260),
(284, 337),
(284, 340),
(285, 150),
(285, 189),
(285, 251),
(285, 340),
(285, 350),
(286, 83),
(286, 88),
(286, 161),
(286, 185),
(286, 255),
(287, 152),
(287, 293),
(288, 138),
(288, 350),
(288, 372),
(288, 517),
(289, 94),
(289, 185),
(289, 393),
(289, 502),
(289, 528),
(292, 185),
(292, 347),
(292, 348),
(292, 407),
(292, 502),
(292, 503),
(292, 530),
(294, 59),
(294, 88),
(294, 113),
(294, 285),
(294, 359),
(295, 88),
(295, 177),
(295, 178),
(295, 237),
(295, 255),
(295, 259),
(295, 389),
(296, 59),
(296, 88),
(296, 135),
(296, 177),
(296, 178),
(296, 337),
(297, 146),
(297, 310),
(297, 443),
(297, 448),
(297, 466),
(297, 505),
(298, 59),
(298, 88),
(298, 196),
(298, 308),
(298, 309),
(298, 339),
(299, 121),
(299, 196),
(299, 212),
(299, 293),
(299, 303),
(299, 427),
(300, 151),
(300, 350),
(300, 466),
(301, 22),
(301, 146),
(301, 157),
(301, 199),
(301, 293),
(302, 225),
(302, 312),
(302, 532),
(306, 185),
(306, 370),
(306, 393),
(307, 356),
(307, 533),
(308, 101),
(308, 157),
(308, 293),
(308, 350),
(309, 185),
(309, 347),
(309, 370),
(309, 502),
(309, 528),
(310, 185),
(310, 347),
(310, 395),
(310, 470),
(310, 502),
(310, 529),
(311, 198),
(311, 389),
(311, 411),
(311, 517),
(312, 84),
(312, 88),
(312, 196),
(312, 255),
(312, 326),
(312, 510),
(313, 170),
(313, 184),
(315, 57),
(315, 68),
(315, 135),
(315, 215),
(315, 236),
(315, 255),
(315, 388),
(317, 70),
(317, 71),
(317, 227),
(317, 266),
(317, 350),
(318, 170),
(318, 255),
(318, 356),
(320, 170),
(320, 356),
(322, 37),
(322, 196),
(322, 230),
(322, 232),
(322, 255),
(323, 150),
(323, 192),
(324, 350),
(324, 356),
(325, 271),
(331, 76),
(331, 277),
(332, 41),
(333, 35),
(333, 135),
(333, 205),
(333, 236),
(333, 281),
(334, 41),
(334, 80),
(335, 170),
(335, 350),
(335, 366),
(338, 2),
(339, 143),
(339, 271),
(340, 150),
(340, 160),
(340, 236),
(340, 281),
(340, 336),
(340, 350),
(341, 34),
(341, 133),
(341, 187),
(341, 335),
(341, 336),
(341, 429),
(342, 34),
(342, 43),
(342, 336),
(342, 341),
(342, 442),
(343, 266),
(343, 367),
(344, 2),
(344, 271),
(345, 184),
(345, 241),
(345, 266),
(345, 350),
(345, 366),
(346, 84),
(347, 228),
(347, 388),
(348, 143),
(348, 264),
(349, 41),
(349, 143),
(350, 42),
(351, 33),
(351, 330),
(351, 336),
(352, 330),
(352, 431),
(352, 446),
(352, 447),
(357, 271),
(358, 180),
(358, 271),
(359, 41),
(359, 271),
(360, 80),
(360, 271),
(361, 351),
(362, 101),
(362, 105),
(362, 303),
(362, 350),
(362, 366),
(362, 507),
(363, 85),
(363, 350),
(367, 78),
(367, 88),
(368, 96),
(368, 200),
(368, 201),
(368, 291),
(368, 350),
(368, 419),
(369, 11),
(369, 41),
(370, 200),
(370, 247),
(370, 350),
(370, 366),
(370, 368),
(370, 419),
(371, 11),
(371, 536),
(372, 286),
(372, 356),
(373, 110),
(373, 341),
(373, 350),
(373, 356),
(374, 135),
(374, 350),
(374, 452),
(375, 357),
(376, 130),
(376, 531),
(377, 41),
(380, 31),
(380, 266),
(380, 267),
(380, 375),
(380, 380),
(380, 390),
(380, 483),
(380, 484),
(381, 246),
(382, 83),
(382, 200),
(382, 266),
(382, 364),
(383, 336),
(383, 356),
(384, 96),
(384, 111),
(384, 196),
(384, 200),
(384, 201),
(384, 236),
(385, 44),
(385, 200),
(385, 266),
(385, 350),
(388, 31),
(388, 95),
(388, 179),
(388, 501),
(388, 533),
(389, 87),
(389, 356),
(390, 266),
(390, 267),
(390, 379),
(390, 506),
(391, 88),
(391, 135),
(391, 196),
(391, 253),
(391, 406),
(392, 336),
(392, 366),
(393, 96),
(393, 184),
(393, 233),
(393, 291),
(393, 496),
(393, 509),
(394, 111),
(394, 334),
(394, 356),
(394, 363),
(394, 397),
(394, 398),
(394, 417),
(395, 111),
(395, 234),
(395, 356),
(395, 362),
(395, 401),
(395, 402),
(396, 27),
(396, 75),
(396, 194),
(397, 88),
(397, 111),
(397, 155),
(397, 363),
(399, 169),
(399, 207),
(399, 366),
(399, 513),
(400, 152),
(400, 336),
(401, 350),
(401, 493),
(401, 500),
(401, 547),
(402, 363),
(402, 462),
(402, 538),
(403, 47),
(403, 96),
(403, 152),
(403, 303),
(403, 491),
(404, 41),
(405, 40),
(405, 198),
(406, 99),
(406, 103),
(406, 317),
(406, 341),
(406, 350),
(406, 508),
(406, 512),
(407, 88),
(407, 111),
(407, 255),
(407, 357),
(407, 417),
(408, 88),
(408, 152),
(408, 161),
(408, 196),
(408, 366),
(409, 32),
(409, 223),
(409, 350),
(411, 117),
(411, 200),
(413, 385),
(414, 103),
(414, 230),
(414, 254),
(414, 266),
(414, 281),
(415, 290),
(416, 251),
(416, 253),
(416, 293),
(416, 350),
(416, 356),
(416, 361),
(418, 106),
(418, 117),
(418, 279),
(419, 76),
(419, 246),
(420, 356),
(420, 363),
(420, 366),
(420, 517),
(421, 266),
(421, 267),
(421, 350),
(421, 516),
(422, 18),
(422, 41),
(422, 152),
(422, 216),
(422, 248),
(422, 293),
(422, 337),
(422, 350),
(422, 517),
(423, 248),
(423, 293),
(425, 49),
(425, 116),
(425, 356),
(425, 475),
(426, 78),
(426, 79),
(426, 161),
(426, 196),
(426, 227),
(427, 179),
(427, 349),
(427, 501),
(428, 125),
(428, 218),
(431, 198),
(431, 248),
(431, 255),
(431, 465),
(432, 88),
(432, 161),
(432, 305),
(432, 366),
(433, 185),
(433, 368),
(434, 538),
(435, 100),
(435, 216),
(435, 236),
(435, 350),
(435, 439),
(436, 150),
(437, 164),
(437, 323),
(438, 233),
(438, 336),
(439, 106),
(440, 108),
(440, 185),
(441, 323),
(441, 466),
(442, 306),
(442, 350),
(443, 36),
(443, 208),
(443, 209),
(443, 341),
(443, 350),
(443, 361),
(443, 547),
(444, 100),
(444, 104),
(444, 185),
(444, 253),
(444, 281),
(444, 325),
(444, 350),
(450, 66),
(451, 106),
(451, 233),
(452, 130),
(452, 179),
(452, 266),
(452, 267),
(452, 303),
(452, 501),
(453, 231),
(454, 66),
(454, 271),
(455, 135),
(455, 189),
(455, 266),
(455, 391),
(456, 218),
(456, 356),
(457, 88),
(457, 336),
(458, 88),
(458, 142),
(459, 84),
(459, 386),
(460, 2),
(462, 27),
(462, 118),
(462, 150),
(462, 488),
(463, 166),
(463, 518),
(464, 185),
(464, 189),
(464, 276),
(465, 229),
(465, 366),
(466, 135),
(466, 533),
(467, 121),
(467, 452),
(468, 102),
(468, 176),
(469, 196),
(469, 266),
(469, 337),
(469, 388),
(469, 390),
(469, 391),
(470, 32),
(470, 40),
(470, 101),
(470, 105),
(470, 141),
(470, 281),
(470, 350),
(471, 156),
(472, 76),
(472, 371),
(472, 496),
(473, 5),
(473, 41),
(474, 88),
(474, 488),
(475, 88),
(475, 106),
(475, 356),
(477, 267),
(477, 461),
(478, 88),
(478, 488),
(479, 41),
(479, 88),
(480, 198),
(480, 210),
(480, 248),
(480, 416),
(482, 135),
(482, 150),
(482, 476),
(484, 41),
(484, 325),
(484, 372),
(486, 77),
(486, 88),
(486, 111),
(486, 264),
(486, 286),
(486, 350),
(486, 422),
(487, 155),
(487, 267),
(487, 534),
(489, 16),
(489, 130),
(489, 293),
(490, 88),
(490, 111),
(490, 155),
(490, 267),
(490, 281),
(490, 383),
(490, 390),
(491, 63),
(491, 64),
(491, 70),
(491, 71),
(491, 228),
(491, 236),
(491, 281),
(492, 88),
(492, 184),
(492, 266),
(492, 274),
(492, 281),
(493, 83),
(493, 111),
(493, 198),
(493, 230),
(493, 248),
(494, 78),
(494, 236),
(494, 274),
(497, 57),
(497, 68),
(497, 152),
(497, 283),
(497, 366),
(501, 356),
(502, 88),
(502, 111),
(502, 185),
(502, 236),
(503, 17),
(503, 68),
(503, 141),
(503, 152),
(503, 173),
(503, 366),
(503, 369),
(504, 248),
(504, 283),
(504, 319),
(504, 366),
(504, 369),
(505, 83),
(505, 263),
(505, 281),
(505, 350),
(505, 359),
(505, 491),
(506, 18),
(506, 69),
(506, 165),
(506, 248),
(506, 281),
(506, 366),
(507, 356),
(507, 535),
(508, 29),
(508, 117),
(508, 121),
(508, 216),
(508, 269),
(508, 366),
(508, 487),
(509, 185),
(509, 236),
(509, 532),
(510, 70),
(510, 71),
(510, 159),
(510, 192),
(510, 216),
(510, 366),
(511, 152),
(511, 296),
(512, 266),
(512, 350),
(512, 366),
(512, 385),
(512, 390),
(513, 116),
(513, 137),
(513, 138),
(513, 165),
(513, 475),
(514, 103),
(514, 261),
(514, 322),
(515, 99),
(515, 106),
(515, 135),
(515, 196),
(515, 253),
(515, 379),
(515, 388),
(516, 69),
(516, 161),
(516, 236),
(516, 423),
(517, 189),
(517, 192),
(518, 5),
(518, 114),
(518, 366),
(519, 213),
(519, 278),
(519, 350),
(520, 18),
(520, 236),
(520, 281),
(520, 385),
(520, 430),
(523, 49),
(523, 165),
(523, 266),
(523, 267),
(523, 269),
(523, 350),
(524, 40),
(524, 41),
(524, 77),
(524, 88),
(524, 111),
(524, 196),
(525, 228),
(525, 266),
(525, 322),
(525, 350),
(525, 495),
(526, 40),
(526, 41),
(526, 88),
(526, 196),
(526, 417),
(526, 542),
(527, 266),
(527, 372),
(528, 297),
(528, 311),
(528, 387),
(529, 121),
(529, 192),
(530, 59),
(530, 88),
(530, 144),
(530, 161),
(530, 357),
(530, 411),
(531, 5),
(531, 88),
(531, 234),
(531, 255),
(531, 540),
(532, 82),
(532, 202),
(533, 198),
(533, 210),
(533, 212),
(533, 257),
(534, 78),
(534, 135),
(534, 336),
(534, 517),
(535, 88),
(535, 100),
(535, 135),
(535, 279),
(535, 295),
(536, 13),
(536, 236),
(536, 250),
(536, 264),
(536, 323),
(536, 324),
(537, 239),
(537, 266),
(537, 283),
(537, 303),
(537, 350),
(537, 495),
(538, 2),
(538, 206),
(538, 228),
(538, 328),
(538, 449),
(538, 496),
(539, 58),
(539, 71),
(539, 196),
(539, 266),
(539, 337),
(539, 388),
(540, 322),
(540, 366),
(540, 369),
(540, 394),
(540, 503),
(541, 323),
(541, 327),
(541, 366),
(541, 369),
(541, 393),
(541, 503),
(546, 230),
(546, 236),
(546, 322),
(546, 415),
(546, 486),
(547, 76),
(547, 135),
(547, 150),
(547, 165),
(547, 336),
(547, 350),
(548, 76),
(548, 165),
(548, 196),
(548, 255),
(548, 256),
(549, 111),
(549, 217),
(549, 236),
(549, 255),
(549, 350),
(549, 366),
(549, 400),
(550, 130),
(550, 184),
(550, 263),
(550, 283),
(550, 509),
(551, 78),
(551, 100),
(551, 111),
(551, 230),
(551, 236),
(554, 76),
(554, 336),
(556, 185),
(556, 336),
(556, 366),
(557, 10),
(557, 167),
(557, 168),
(557, 185),
(557, 322),
(557, 366),
(558, 88),
(558, 117),
(558, 121),
(558, 196),
(558, 236),
(558, 366),
(561, 191),
(561, 203),
(561, 207),
(561, 545),
(562, 88),
(562, 177),
(562, 236),
(562, 322),
(562, 486),
(563, 206),
(563, 281),
(563, 356),
(563, 359),
(563, 486),
(563, 496),
(564, 96),
(564, 164),
(564, 266),
(564, 366),
(564, 376),
(565, 96),
(565, 122),
(565, 350),
(565, 366),
(565, 387),
(565, 437),
(566, 268),
(566, 341),
(566, 350),
(566, 461),
(566, 498),
(566, 508),
(566, 512),
(567, 263),
(567, 279),
(567, 289),
(567, 291),
(567, 293),
(567, 506),
(569, 152),
(569, 336),
(570, 17),
(570, 248),
(575, 82),
(575, 184),
(575, 283),
(575, 310),
(575, 322),
(575, 466),
(578, 50),
(578, 123),
(578, 310),
(578, 466),
(578, 505),
(581, 44),
(581, 117),
(581, 266),
(581, 366),
(581, 507),
(582, 184),
(582, 298),
(582, 350),
(582, 486),
(582, 496),
(583, 44),
(583, 182),
(583, 263),
(583, 266),
(583, 366),
(584, 88),
(584, 182),
(584, 236),
(584, 264),
(584, 350),
(585, 198),
(585, 281),
(586, 152),
(586, 287),
(589, 49),
(589, 135),
(589, 204),
(589, 205),
(589, 359),
(589, 366),
(590, 34),
(590, 135),
(590, 204),
(590, 205),
(590, 388),
(590, 429),
(591, 10),
(591, 167),
(591, 168),
(591, 323),
(591, 356),
(591, 429),
(592, 5),
(592, 40),
(592, 45),
(593, 83),
(593, 202),
(593, 350),
(593, 359),
(596, 5),
(596, 88),
(596, 177),
(596, 366),
(597, 59),
(597, 88),
(597, 111),
(597, 166),
(597, 185),
(597, 207),
(597, 411),
(598, 58),
(598, 71),
(598, 101),
(598, 105),
(598, 349),
(599, 34),
(599, 192),
(599, 198),
(599, 230),
(601, 54),
(601, 104),
(601, 229),
(602, 88),
(602, 323),
(603, 88),
(603, 111),
(603, 196),
(603, 236),
(603, 275),
(604, 202),
(604, 350),
(604, 366),
(604, 544),
(607, 3),
(607, 130),
(607, 184),
(607, 329),
(607, 509),
(608, 41),
(608, 184),
(608, 322),
(608, 366),
(608, 509),
(609, 228),
(609, 233),
(609, 266),
(609, 350),
(609, 496),
(612, 184),
(612, 496),
(612, 533),
(613, 185),
(613, 533),
(614, 111),
(614, 113),
(614, 135),
(614, 336),
(614, 538),
(615, 16),
(615, 17),
(615, 166),
(615, 366),
(615, 514),
(615, 517),
(618, 236),
(618, 302),
(618, 357),
(618, 417),
(619, 59),
(619, 88),
(619, 177),
(619, 262),
(619, 316),
(620, 40),
(620, 41),
(620, 88),
(620, 97),
(620, 98),
(620, 111),
(620, 196),
(621, 50),
(621, 179),
(621, 183),
(621, 184),
(621, 263),
(621, 453),
(622, 184),
(622, 266),
(622, 291),
(622, 310),
(623, 155),
(623, 216),
(623, 265),
(623, 474),
(623, 475),
(624, 40),
(624, 74),
(624, 161),
(624, 196),
(624, 198),
(625, 59),
(625, 88),
(625, 111),
(625, 526),
(625, 527),
(625, 545),
(626, 88),
(626, 111),
(626, 155),
(626, 207),
(626, 254),
(627, 88),
(627, 135),
(627, 161),
(627, 491),
(628, 17),
(628, 32),
(628, 139),
(628, 281),
(628, 356),
(628, 359),
(628, 522),
(629, 16),
(629, 17),
(629, 139),
(629, 140),
(629, 216),
(629, 522),
(630, 106),
(630, 289),
(630, 324),
(630, 341),
(630, 387),
(630, 437),
(632, 44),
(632, 103),
(632, 131),
(632, 294),
(632, 429),
(633, 88),
(633, 135),
(633, 196),
(633, 337),
(633, 350),
(634, 6),
(634, 14),
(634, 88),
(634, 320),
(634, 356),
(634, 357),
(634, 400),
(634, 413),
(638, 41),
(638, 145),
(638, 175),
(638, 323),
(638, 503),
(639, 135),
(639, 161),
(639, 416);

-- --------------------------------------------------------

--
-- Table structure for table `Stations`
--

CREATE TABLE `Stations` (
  `ID` int(11) NOT NULL,
  `name` varchar(50) COLLATE utf8_unicode_ci NOT NULL,
  `longitude` double DEFAULT NULL,
  `latitude` double DEFAULT NULL,
  `metro` bit(1) DEFAULT NULL,
  `bus` bit(1) DEFAULT NULL
) ENGINE=InnoDB DEFAULT CHARSET=utf8 COLLATE=utf8_unicode_ci;

--
-- Dumping data for table `Stations`
--

INSERT INTO `Stations` (`ID`, `name`, `longitude`, `latitude`, `metro`, `bus`) VALUES
(1, '10 رمضان', 29.939939, 31.20597, b'0', b'1'),
(2, '15 مايو', 31.342726, 29.890785, b'0', b'1'),
(3, '15 مايو بشبرا', 31.245477, 30.102714, b'0', b'1'),
(4, '15مايو', 31.342726, 29.890785, b'0', b'1'),
(5, '6 أكتوبر', 30.948192, 29.976316, b'0', b'1'),
(6, 'أبو الريش', 31.23569, 30.026773, b'0', b'1'),
(7, 'أبو الريش 2', 31.23569, 30.026773, b'0', b'1'),
(8, 'أبو الريش اض 2', 32.882539, 24.120618, b'0', b'1'),
(9, 'أبو الريش الجديدة', 31.23569, 30.026773, b'0', b'1'),
(10, 'أبو الغيط', 31.185221, 30.155241, b'0', b'1'),
(11, 'أبو الفدا', 31.218278, 30.065218, b'0', b'1'),
(12, 'أبو النمرس', 31.219709, 29.95171, b'0', b'1'),
(13, 'أبو الهول', 29.913997, 31.200868, b'0', b'1'),
(14, 'أبو رواش', 31.097535, 30.04342, b'0', b'1'),
(15, 'أبو زعبل', 31.359881, 30.265429, b'0', b'1'),
(16, 'أبو وافية', 30.604168, 30.820889, b'0', b'1'),
(17, 'أبو وافيه', 30.604168, 30.820889, b'0', b'1'),
(18, 'أحمد حلمى', 29.983154, 31.250052, b'0', b'1'),
(19, 'أسبيكو', 31.413023, 30.180607, b'0', b'1'),
(20, 'أسعاف', 31.209613, 30.010753, b'0', b'1'),
(21, 'أكاديمية الشرطة', 31.417184, 30.046062, b'0', b'1'),
(22, 'أكاديمية مبارك', 31.383117, 30.074247, b'0', b'1'),
(23, 'ألف مسكن', 31.336446, 30.118565, b'0', b'1'),
(24, 'أم خنان', 31.248329, 29.912983, b'0', b'1'),
(25, 'أوسيم', 31.13587, 30.122939, b'0', b'1'),
(26, 'إبراهيم بك', 31.262614, 30.133379, b'0', b'1'),
(27, 'إمبابة', 31.198418, 30.079579, b'0', b'1'),
(28, 'ابن الحكم', 31.320641, 30.109809, b'0', b'1'),
(29, 'ابو الريش', 31.23569, 30.026773, b'0', b'1'),
(30, 'ابو العلا', 29.945908, 31.218087, b'0', b'1'),
(31, 'ابو بكر الصديق', 30.135606, 30.69145, b'0', b'1'),
(32, 'ابو وافية', 30.604168, 30.820889, b'0', b'1'),
(33, 'اتوستراد', 31.358171, 29.844337, b'0', b'1'),
(34, 'اثر النبي', 31.232589, 29.98865, b'0', b'1'),
(35, 'احمد', 31.017386, 30.554347, b'0', b'1'),
(36, 'احمد الزمر', 31.360207, 30.047071, b'0', b'1'),
(37, 'احمد الزيات', 30.813917, 30.825467, b'0', b'1'),
(38, 'احمد بدوى', 27.221353, 31.358886, b'0', b'1'),
(39, 'احمد تيسير', 31.327192, 30.076127, b'0', b'1'),
(40, 'احمد حلمى', 29.983154, 31.250052, b'0', b'1'),
(41, 'احمد حلمي', 31.24701, 30.127892, b'0', b'1'),
(42, 'احمد حلمي 15', 31.248273, 30.0652, b'0', b'1'),
(43, 'احمد زكى', 29.90057, 31.193973, b'0', b'1'),
(44, 'احمد سعيد', 29.979565, 31.240429, b'0', b'1'),
(45, 'احمد عرابى', 30.466102, 31.045172, b'0', b'1'),
(46, 'احمد عرابي', 30.466102, 31.045172, b'0', b'1'),
(47, 'احمد عصمت', 29.925513, 31.215214, b'0', b'1'),
(48, 'احمد فخرى', 30.007179, 31.265139, b'0', b'1'),
(49, 'احمد ماهر', 31.251644, 30.039592, b'0', b'1'),
(50, 'اسبيكو', 31.413023, 30.180607, b'0', b'1'),
(51, 'اسكندريه', 29.918739, 31.200092, b'0', b'1'),
(52, 'الأباجية', 31.296967, 30.006827, b'0', b'1'),
(53, 'الأتوستراد', 31.358171, 29.844337, b'0', b'1'),
(54, 'الأزهر', 31.262685, 30.045688, b'0', b'1'),
(55, 'الألف مسكن', 29.876787, 31.16774, b'0', b'1'),
(56, 'الأمام الشافعى', 31.265676, 30.011892, b'0', b'1'),
(57, 'الأمام الشافعي', 31.265676, 30.011892, b'0', b'1'),
(58, 'الأميرية', 31.300073, 30.110384, b'0', b'1'),
(59, 'الأهرام', 29.907703, 31.198535, b'0', b'1'),
(60, 'الأوتوستراد', 31.289084, 29.982012, b'0', b'1'),
(61, 'الإباجية', 31.296967, 30.006827, b'0', b'1'),
(62, 'الإمام الشافعي', 31.265676, 30.011892, b'0', b'1'),
(63, 'الاباجية', 31.296967, 30.006827, b'0', b'1'),
(64, 'الاباجيه', 31.296967, 30.006827, b'0', b'1'),
(65, 'الاتوستراد', 31.358171, 29.844337, b'0', b'1'),
(66, 'الاخصاص', 31.093197, 30.194887, b'0', b'1'),
(67, 'الاسكندريه', 29.918739, 31.200092, b'0', b'1'),
(68, 'الامام الشافعى', 31.265676, 30.011892, b'0', b'1'),
(69, 'الامام الليثى', 31.189566, 30.037814, b'0', b'1'),
(70, 'الاميرية', 31.300073, 30.110384, b'0', b'1'),
(71, 'الاميريه', 31.300073, 30.110384, b'0', b'1'),
(72, 'الاهرام', 29.907703, 31.198535, b'0', b'1'),
(73, 'الاوتوستراد', 31.289084, 29.982012, b'0', b'1'),
(74, 'البدرشين', 31.178943, 30.044564, b'0', b'1'),
(75, 'البراجيل', 31.159288, 30.076654, b'0', b'1'),
(76, 'البساتين', 31.279803, 29.974946, b'0', b'1'),
(77, 'البطل احمد عبد العزيز', 31.205195, 30.053726, b'0', b'1'),
(78, 'البعوث', 31.276529, 30.05623, b'0', b'1'),
(79, 'البعوث الاسلاميه', 31.278383, 30.057361, b'0', b'1'),
(80, 'التبين', 31.302688, 29.781618, b'0', b'1'),
(81, 'التجمع الخامس', 31.428476, 30.008487, b'0', b'1'),
(82, 'التجنيد', 31.39722, 31.015356, b'0', b'1'),
(83, 'التحرير', 30.080444, 30.892282, b'0', b'1'),
(84, 'الجامعة', 29.536972, 30.964288, b'0', b'1'),
(85, 'الجبرتي', 31.307296, 30.088315, b'0', b'1'),
(86, 'الجبل الأصفر', 31.355524, 30.201379, b'0', b'1'),
(87, 'الجو لف', 32.292839, 31.251177, b'0', b'1'),
(88, 'الجيزة', 31.208853, 30.013056, b'0', b'1'),
(89, 'الجيزة ( كلية الزراعة )', 31.208056, 30.018138, b'0', b'1'),
(90, 'الجيزة دائري', 31.199944, 30.027396, b'0', b'1'),
(91, 'الحرفيين', 31.247734, 30.039202, b'0', b'1'),
(92, 'الحزانية', 31.299828, 30.351378, b'0', b'1'),
(93, 'الحزانيه', 31.299828, 30.351378, b'0', b'1'),
(94, 'الحصة', 31.213601, 30.383111, b'0', b'1'),
(95, 'الحكم', 31.425062, 30.158713, b'0', b'1'),
(96, 'الحلمية', 31.652626, 30.49484, b'0', b'1'),
(97, 'الحوا مديه', 31.261209, 29.89496, b'0', b'1'),
(98, 'الحوامدية', 31.261209, 29.89496, b'0', b'1'),
(99, 'الحى الثامن', 31.358113, 30.059527, b'0', b'1'),
(100, 'الحى السابع', 30.943956, 29.981019, b'0', b'1'),
(101, 'الحى السادس', 31.322709, 30.039026, b'0', b'1'),
(102, 'الحىالسابع', 31.326999, 30.046989, b'0', b'1'),
(103, 'الحي الثامن', 31.358113, 30.059527, b'0', b'1'),
(104, 'الحي السابع', 30.943956, 29.981019, b'0', b'1'),
(105, 'الحي السادس', 31.322709, 30.039026, b'0', b'1'),
(106, 'الحي العاشر', 31.388467, 30.024263, b'0', b'1'),
(107, 'الحي العباسية', 31.284831, 30.071871, b'0', b'1'),
(108, 'الخانكة', 31.331288, 30.195169, b'0', b'1'),
(109, 'الخلفاوى', 31.24812, 30.095292, b'1', b'1'),
(110, 'الخليفة القاهر', 31.30938, 30.05048, b'0', b'1'),
(111, 'الدقى', 31.202534, 30.039451, b'1', b'1'),
(112, 'الدقى التحرير', 31.208653, 30.037619, b'0', b'1'),
(113, 'الدقي', 31.202534, 30.039451, b'0', b'1'),
(114, 'الدويقة', 31.278252, 30.03623, b'0', b'1'),
(115, 'الدويقة الجديدة', 31.28907, 30.04572, b'0', b'1'),
(116, 'الدويقه', 31.278252, 30.03623, b'0', b'1'),
(117, 'الزاوية الحمراء', 31.265498, 30.095679, b'0', b'1'),
(118, 'الزمالك', 31.219709, 30.060942, b'0', b'1'),
(119, 'الزهراء', 37.015877, 36.364528, b'1', b'1'),
(120, 'الزهويين', 31.274457, 30.259809, b'0', b'1'),
(121, 'الزوايه الحمراء', 31.238494, 30.127093, b'0', b'1'),
(122, 'الزيتون', 31.302688, 30.10406, b'0', b'1'),
(123, 'السادات', 31.016908, 30.537427, b'1', b'1'),
(124, 'السد العالي', 32.87727, 23.970883, b'0', b'1'),
(125, 'السكاكنيى', 31.266213, 30.063657, b'0', b'1'),
(126, 'السلام اسبيكو', 31.413227, 30.18233, b'0', b'1'),
(127, 'السلام اسكندريه', 29.96496, 31.217644, b'0', b'1'),
(128, 'السلام الاسكندريه', 29.96496, 31.217644, b'0', b'1'),
(129, 'السلطان برقوق', 31.261607, 30.050913, b'0', b'1'),
(130, 'السواح', 31.291976, 30.105334, b'0', b'1'),
(131, 'السيدة', 31.2466, 30.0346, b'0', b'1'),
(132, 'السيدة زينب (للأنفاق)', 31.286541, 30.126615, b'0', b'1'),
(133, 'السيدة زينب للأنفاق', 31.286541, 30.126615, b'0', b'1'),
(134, 'السيدة زينب للانفاق', 31.286541, 30.126615, b'0', b'1'),
(135, 'السيدة عائشة', 31.259135, 30.090306, b'0', b'1'),
(136, 'السيدة عائشة كلية البنات الإسل', 31.265482, 30.050273, b'0', b'1'),
(137, 'السيدة نفسيه', 31.251233, 30.023225, b'0', b'1'),
(138, 'السيدة نفيسة', 31.251233, 30.023225, b'0', b'1'),
(139, 'الشرابية', 31.259775, 30.076397, b'0', b'1'),
(140, 'الشرابيه', 31.259775, 30.076397, b'0', b'1'),
(141, 'الشيخ رمضان', 31.352239, 30.241521, b'0', b'1'),
(142, 'الشيخ زايد', 54.47514, 24.412541, b'0', b'1'),
(143, 'الصف', 31.294635, 29.575687, b'0', b'1'),
(144, 'الطالبية', 30.869991, 30.755276, b'0', b'1'),
(145, 'الطريق الدائرى', 31.418979, 30.06189, b'0', b'1'),
(146, 'الطريق الدائري', 31.418979, 30.06189, b'0', b'1'),
(147, 'الطريق الزراعى', 30.750244, 30.81286, b'0', b'1'),
(148, 'الطوب الرملى', 31.363353, 30.041387, b'0', b'1'),
(149, 'الطوب الرملي', 31.363353, 30.041387, b'0', b'1'),
(150, 'العباسية', 31.717099, 30.534836, b'0', b'1'),
(151, 'العبور', 31.479895, 30.228341, b'0', b'1'),
(152, 'العتبة', 31.246803, 30.052346, b'1', b'1'),
(153, 'العتبة المنعم رياض', 31.194452, 27.177603, b'0', b'1'),
(154, 'العطارة', 31.299727, 30.237183, b'0', b'1'),
(155, 'العمرانية', 31.146857, 31.392871, b'0', b'1'),
(156, 'العمرانية .', 31.146857, 31.392871, b'0', b'1'),
(157, 'القاهرة الجديدة', 31.491318, 30.007413, b'0', b'1'),
(158, 'القراطيين', 31.139536, 30.165186, b'0', b'1'),
(159, 'القصر العيتى', 31.228622, 30.031877, b'0', b'1'),
(160, 'القصر العين', 31.228622, 30.031877, b'0', b'1'),
(161, 'القصر العينى', 31.228622, 30.031877, b'0', b'1'),
(162, 'القصر العيني', 31.228622, 30.031877, b'0', b'1'),
(163, 'القطامية', 31.397375, 29.976918, b'0', b'1'),
(164, 'القلج', 31.359881, 30.172028, b'0', b'1'),
(165, 'القلعة', 31.260817, 30.029891, b'0', b'1'),
(166, 'القللى', 31.240817, 30.062217, b'0', b'1'),
(167, 'القناطر', 31.138434, 30.190245, b'0', b'1'),
(168, 'القناطر الخيرية', 31.138434, 30.190245, b'0', b'1'),
(169, 'الكيت كات', 31.213263, 30.067579, b'0', b'1'),
(170, 'الماظة', 31.339867, 30.091647, b'0', b'1'),
(171, 'الماظه', 31.339867, 30.091647, b'0', b'1'),
(172, 'المبيضة', 31.240459, 30.079532, b'0', b'1'),
(173, 'المجزر الالى', 31.270504, 29.999822, b'0', b'1'),
(174, 'المخبز الالى', 31.691995, 26.55706, b'0', b'1'),
(175, 'المرج', 31.33573, 30.152102, b'1', b'1'),
(176, 'المرج الجديدة', 31.33834, 30.163686, b'1', b'1'),
(177, 'المريوطية', 31.156831, 30.012978, b'0', b'1'),
(178, 'المريوطيه', 31.156831, 30.012978, b'0', b'1'),
(179, 'المسلة', 31.30927, 30.13125, b'0', b'1'),
(180, 'المشروع', 31.197862, 30.082293, b'0', b'1'),
(181, 'المصنع الحربي', 31.25419, 30.1224, b'0', b'1'),
(182, 'المطار الجديد', 31.410364, 30.118803, b'0', b'1'),
(183, 'المطراوى', 31.276942, 29.962696, b'0', b'1'),
(184, 'المطرية', 31.318125, 30.125399, b'1', b'1'),
(185, 'المظلات', 31.245589, 30.104064, b'1', b'1'),
(186, 'المعادى', 31.276942, 29.962696, b'1', b'1'),
(187, 'المعادى الجديدة', 31.260714, 29.959036, b'0', b'1'),
(188, 'المعصرة', 31.319849, 31.242896, b'1', b'1'),
(189, 'المقطم', 31.303333, 30.021667, b'0', b'1'),
(190, 'الملك الصالح', 31.247119, 30.086454, b'1', b'1'),
(191, 'الملك فيصل', 30.463403, 31.044121, b'0', b'1'),
(192, 'المماليك', 31.31815, 30.090579, b'0', b'1'),
(193, 'المماليك القصر العيني', 31.271058, 30.04345, b'0', b'1'),
(194, 'المنصورية 1', 31.269435, 30.051942, b'0', b'1'),
(195, 'المنوات', 31.238774, 29.920966, b'0', b'1'),
(196, 'المنيب', 31.201102, 29.986506, b'1', b'1'),
(197, 'المنيب ن', 31.242808, 30.094701, b'0', b'1'),
(198, 'المنيل', 31.226865, 30.021361, b'0', b'1'),
(199, 'الميثاق', 31.392173, 30.05033, b'0', b'1'),
(200, 'النزهة الجديدة', 31.371235, 30.124856, b'0', b'1'),
(201, 'النزهه الجديدة', 31.371235, 30.124856, b'0', b'1'),
(202, 'الهايكستب', 31.419904, 30.143144, b'0', b'1'),
(203, 'الهرم', 31.130943, 29.993168, b'0', b'1'),
(204, 'الهضبة الوسطى', 31.316989, 29.993756, b'0', b'1'),
(205, 'الهضبة الوسطي', 31.316989, 29.993756, b'0', b'1'),
(206, 'الوايلى', 31.282664, 30.070369, b'0', b'1'),
(207, 'الوراق', 31.211122, 30.096994, b'0', b'1'),
(208, 'الوفاء والأمل', 31.351304, 30.02109, b'0', b'1'),
(209, 'الوفاء والامل', 31.351304, 30.02109, b'0', b'1'),
(210, 'امبابة', 31.198418, 30.079579, b'0', b'1'),
(211, 'امبابة عا ة', 31.220913, 30.085093, b'0', b'1'),
(212, 'امبابه', 31.198418, 30.079579, b'0', b'1'),
(213, 'امتداد رمسيس', 31.302404, 30.058443, b'0', b'1'),
(214, 'اوسيم', 31.13587, 30.122939, b'0', b'1'),
(215, 'اول المنيل', 31.224749, 30.01497, b'0', b'1'),
(216, 'باب الشعرية', 31.258345, 30.059881, b'0', b'1'),
(217, 'باب اللوق', 31.240459, 30.047039, b'0', b'1'),
(218, 'باب الوزير', 31.263352, 30.035819, b'0', b'1'),
(219, 'باسوس', 31.215951, 30.133802, b'0', b'1'),
(220, 'بشتيل', 31.176766, 30.074818, b'0', b'1'),
(221, 'بلقاس', 31.357799, 31.21412, b'0', b'1'),
(222, 'بلقس', 31.291246, 30.16941, b'0', b'1'),
(223, 'بنات عين شمس', 31.329191, 30.081103, b'0', b'1'),
(224, 'بنها', 31.184831, 30.465993, b'0', b'1'),
(225, 'بنى مجدول', 31.109852, 30.041906, b'0', b'1'),
(226, 'بهتيم عباسية', 31.279966, 30.069454, b'0', b'1'),
(227, 'بور سعيد', 32.301866, 31.265289, b'0', b'1'),
(228, 'بورسعيد', 32.301866, 31.265289, b'0', b'1'),
(229, 'بولاق', 31.231158, 30.063132, b'0', b'1'),
(230, 'بولاق الدكرور', 31.189566, 30.037814, b'0', b'1'),
(231, 'بولاق الدكرور 15', 31.216418, 30.03931, b'0', b'1'),
(232, 'بولاق الدكرور الدراسة', 31.193296, 30.038889, b'0', b'1'),
(233, 'بيجام', 31.254052, 30.129873, b'0', b'1'),
(234, 'بين السرايات', 31.209025, 30.038794, b'0', b'1'),
(235, 'تجنيد', 31.39722, 31.015356, b'0', b'1'),
(236, 'تحرير', 30.080444, 30.892282, b'0', b'1'),
(237, 'ترسا', 30.824216, 29.419211, b'0', b'1'),
(238, 'ترعة الأسماعيلية', 31.293658, 30.139069, b'0', b'1'),
(239, 'ترعة الإسماعيلية', 31.293658, 30.139069, b'0', b'1'),
(240, 'ترعة الاسماعيلية', 31.293658, 30.139069, b'0', b'1'),
(241, 'ترعة الجبل', 31.301449, 30.102782, b'0', b'1'),
(242, 'ترعة السواحل', 31.21048, 30.0734, b'0', b'1'),
(243, 'ترعة المريوطية', 31.156979, 29.982102, b'0', b'1'),
(244, 'ترعة المنصورية', 31.396662, 31.026238, b'0', b'1'),
(245, 'ترعة جزيرة بدران', 31.234576, 30.074158, b'0', b'1'),
(246, 'ثكنات المعادى', 31.26297, 29.953322, b'1', b'1'),
(247, 'ج السويس', 31.263143, 29.986265, b'0', b'1'),
(248, 'جامع عمرو', 31.233137, 30.010122, b'0', b'1'),
(249, 'جامع عمرو اض 1', 31.189718, 30.051619, b'0', b'1'),
(250, 'جامعة', 5.986359, 33.538357, b'0', b'1'),
(251, 'جامعة الأزهر', 31.314889, 30.057503, b'0', b'1'),
(252, 'جامعة الأزهر 2', 31.386003, 31.03272, b'0', b'1'),
(253, 'جامعة الازهر', 31.314889, 30.057503, b'0', b'1'),
(254, 'جامعة الدول العربية', 29.311529, 30.863095, b'0', b'1'),
(255, 'جامعة القاهرة', 31.206815, 30.022395, b'1', b'1'),
(256, 'جامعة جيزة', 31.065979, 30.016767, b'0', b'1'),
(257, 'جامعه', 5.986359, 33.538357, b'0', b'1'),
(258, 'جامعه الأزهر', 31.314889, 30.057503, b'0', b'1'),
(259, 'جامعه دائري', 31.362561, 31.040812, b'0', b'1'),
(260, 'جراج القطامية', 31.420986, 29.974038, b'0', b'1'),
(261, 'جزيرة محمد', 31.202534, 30.117446, b'0', b'1'),
(262, 'جزيزة محمد', 31.202534, 30.117446, b'0', b'1'),
(263, 'جسر السويس', 31.363479, 30.128478, b'0', b'1'),
(264, 'جيزة', 31.208853, 30.013056, b'0', b'1'),
(265, 'جيزه', 31.208853, 30.013056, b'0', b'1'),
(266, 'حدائق القبة', 31.282664, 30.085959, b'0', b'1'),
(267, 'حدائق القبه', 31.282664, 30.085959, b'0', b'1'),
(268, 'حدائق النصر', 31.153986, 29.995599, b'0', b'1'),
(269, 'حدائق زينهم', 31.24976, 30.023145, b'0', b'1'),
(270, 'حسن صبرى', 29.926077, 31.214295, b'0', b'1'),
(271, 'حلوان', 31.336853, 29.848319, b'1', b'1'),
(272, 'حوامديه', 31.261209, 29.89496, b'0', b'1'),
(273, 'خضر التونى', 31.321652, 30.075453, b'0', b'1'),
(274, 'دقى', 31.208259, 30.037948, b'0', b'1'),
(275, 'دقي', 31.208259, 30.037948, b'0', b'1'),
(276, 'دوران روض الفرج', 31.245222, 30.079692, b'0', b'1'),
(277, 'دوران شبرا', 31.245222, 30.079692, b'0', b'1'),
(278, 'رئاسة الهيئة', 31.312741, 30.089878, b'0', b'1'),
(279, 'رابعة العدوية', 31.321994, 30.068443, b'0', b'1'),
(280, 'ربيع الجيزى', 31.208699, 30.010652, b'0', b'1'),
(281, 'رمسيس', 31.239348, 30.053851, b'0', b'1'),
(282, 'روض الفر ج', 31.236882, 30.072025, b'0', b'1'),
(283, 'روض الفرج', 31.236882, 30.072025, b'1', b'1'),
(284, 'روض الفرج.', 31.236882, 30.072025, b'0', b'1'),
(285, 'زاوية أبو مسلم', 31.165312, 29.932123, b'0', b'1'),
(286, 'زمالك', 31.219709, 30.060942, b'0', b'1'),
(287, 'زنين', 31.181061, 30.035982, b'0', b'1'),
(288, 'زنين ل', 31.178943, 30.044564, b'0', b'1'),
(289, 'زهراء', 46.839408, 24.686305, b'0', b'1'),
(290, 'زهراء المعادى', 31.303188, 29.961978, b'0', b'1'),
(291, 'زهراء عين شمس', 31.326999, 30.130105, b'0', b'1'),
(292, 'زهراء م . نصر', 31.403212, 30.048704, b'0', b'1'),
(293, 'زهراء مدينة نصر', 31.335153, 30.063403, b'0', b'1'),
(294, 'زهراء مصر القديمة', 31.20045, 29.99275, b'0', b'1'),
(295, 'ساقية مكى', 31.212553, 29.99651, b'1', b'1'),
(296, 'ساقية مكي', 31.212553, 29.99651, b'0', b'1'),
(297, 'سبيكو', 31.408695, 30.182483, b'0', b'1'),
(298, 'سراى القبة', 31.28624, 30.088265, b'0', b'1'),
(299, 'سراي القبه', 31.28624, 30.088265, b'0', b'1'),
(300, 'سعد سليم', 31.253644, 30.104969, b'0', b'1'),
(301, 'سفير', 31.209914, 30.051693, b'0', b'1'),
(302, 'سقيل', 31.168175, 30.131672, b'0', b'1'),
(303, 'سكة الوايلى', 31.284316, 30.090051, b'0', b'1'),
(304, 'سليم الأول', 31.313597, 30.107753, b'0', b'1'),
(305, 'سنترال العمرانية', 31.191235, 29.992777, b'0', b'1'),
(306, 'سندوه', 31.312891, 30.247461, b'0', b'1'),
(307, 'سنهرة', 31.247655, 30.293762, b'0', b'1'),
(308, 'سوق 6 أكتوبر', 31.007516, 29.953066, b'0', b'1'),
(309, 'سوق الجملة بمدينة 6 أكتوبر', 31.028754, 29.958183, b'0', b'1'),
(310, 'سوق العبور', 31.466925, 30.162916, b'0', b'1'),
(311, 'ش 6 أكتوبر', 31.362702, 31.03223, b'0', b'1'),
(312, 'ش الأهرام', 31.172515, 29.998775, b'0', b'1'),
(313, 'ش الحجاز', 31.335382, 30.106662, b'0', b'1'),
(314, 'ش نادى الرحلات', 31.237349, 30.047299, b'0', b'1'),
(315, 'شارع الترعه', 31.368133, 31.033986, b'0', b'1'),
(316, 'شارع الجيزة', 31.217576, 30.034469, b'0', b'1'),
(317, 'شارع الطيران', 31.32465, 30.067425, b'0', b'1'),
(318, 'شارع شبرا', 31.245183, 30.088233, b'0', b'1'),
(319, 'شارع عبد العزيز', 31.427076, 30.007935, b'0', b'1'),
(320, 'شارع مراد', 31.213711, 30.017119, b'0', b'1'),
(321, 'شبر الخيمة', 31.260929, 30.123385, b'0', b'1'),
(322, 'شبرا', 31.248329, 30.074212, b'0', b'1'),
(323, 'شبرا الخيمة', 31.260929, 30.123385, b'0', b'1'),
(324, 'شبرا الخيمه', 31.260929, 30.123385, b'0', b'1'),
(325, 'شبرا المظلات', 31.245355, 30.088799, b'0', b'1'),
(326, 'شبرا منت', 31.191082, 29.933188, b'0', b'1'),
(327, 'شبين القناطر', 31.296967, 30.297668, b'0', b'1'),
(328, 'شرق شبرا', 31.248329, 30.074212, b'0', b'1'),
(329, 'شرق شبرا الخيمة', 31.279835, 30.132879, b'0', b'1'),
(330, 'شق الثعبان', 31.311877, 29.946698, b'0', b'1'),
(331, 'شلقان', 31.162219, 30.190127, b'0', b'1'),
(332, 'شيراتون', 31.374175, 30.10335, b'0', b'1'),
(333, 'صفط', 31.166278, 30.025983, b'0', b'1'),
(334, 'صفط اللبن', 31.165312, 30.025804, b'0', b'1'),
(335, 'صقر قري', 31.62348, 30.792629, b'0', b'1'),
(336, 'صقر قريش', 29.923631, 31.212883, b'0', b'1'),
(337, 'صلاح سالم', 30.124689, 31.139084, b'0', b'1'),
(338, 'طريق الشرقاوية', 31.234959, 30.12833, b'0', b'1'),
(339, 'طريق الفيوم', 30.84285, 29.308402, b'0', b'1'),
(340, 'طريق القطامية', 31.882199, 29.8293, b'0', b'1'),
(341, 'طريق النصر', 30.931755, 29.958708, b'0', b'1'),
(342, 'طريق باسوس', 31.202749, 30.129487, b'0', b'1'),
(343, 'طريق سنهرة', 31.247655, 30.293762, b'0', b'1'),
(344, 'طريق منيا القمح', 31.300404, 30.533987, b'0', b'1'),
(345, 'طلبه', 31.307886, 30.076268, b'0', b'1'),
(346, 'طنان', 31.244295, 30.243405, b'0', b'1'),
(347, 'طوخ', 31.193945, 30.356046, b'0', b'1'),
(348, 'طوخ مشتهر', 31.23402, 30.361023, b'0', b'1'),
(349, 'عباس العقاد', 31.330216, 30.065949, b'0', b'1'),
(350, 'عباسية', 31.717099, 30.534836, b'0', b'1'),
(351, 'عباسية 15', 31.271504, 30.064954, b'0', b'1'),
(352, 'عبد االله العربى', 31.200473, 30.052207, b'0', b'1'),
(353, 'عبد المنعم', 29.768304, 31.102375, b'0', b'1'),
(354, 'عبد المنعم 1', 29.916658, 31.195317, b'0', b'1'),
(355, 'عبد المنعم ر ياض2', 31.46331, 30.885211, b'0', b'1'),
(356, 'عبد المنعم رياض', 29.920141, 31.192649, b'0', b'1'),
(357, 'عبد المنعم رياض 1', 31.259107, 30.117248, b'0', b'1'),
(358, 'عبد المنعم رياض 1 اض 1', 30.005439, 31.22325, b'0', b'1'),
(359, 'عبد المنعم رياض 2', 31.192062, 30.035318, b'0', b'1'),
(360, 'عبد المنعم رياض الألف مسكن', 31.335705, 30.114703, b'0', b'1'),
(361, 'عبداالله العربى', 30.807993, 27.557521, b'0', b'1'),
(362, 'عبدالمنعم رياض', 29.920141, 31.192649, b'0', b'1'),
(363, 'عبدالمنعم رياض 1', 31.259107, 30.117248, b'0', b'1'),
(364, 'عبدالمنعم رياض 2', 31.192062, 30.035318, b'0', b'1'),
(365, 'عبده باشا', 31.274791, 30.064826, b'0', b'1'),
(366, 'عتبة', 31.246803, 30.052346, b'0', b'1'),
(367, 'عتبة اث الن', 31.262819, 30.548495, b'0', b'1'),
(368, 'عتبه', 31.246803, 30.052346, b'0', b'1'),
(369, 'عرابى', 31.243321, 30.055385, b'1', b'1'),
(370, 'عرب الرواشده', 31.281003, 30.386778, b'0', b'1'),
(371, 'عرب الطوايله', 31.3154, 30.139457, b'0', b'1'),
(372, 'عرب الطويلة', 31.3154, 30.139457, b'0', b'1'),
(373, 'عرب المعادى', 31.269979, 29.97015, b'0', b'1'),
(374, 'عزبة', 31.837901, 31.508092, b'0', b'1'),
(375, 'عزبة المصري', 30.838821, 30.484768, b'0', b'1'),
(376, 'عزبة النخل', 31.31867, 30.145098, b'1', b'1'),
(377, 'عزبة الهجا نه', 31.394184, 30.069496, b'0', b'1'),
(378, 'عزبة الهجانة', 31.394184, 30.069496, b'0', b'1'),
(379, 'عزبة الهجانه', 31.394184, 30.069496, b'0', b'1'),
(380, 'عزيز المصرى', 31.326163, 30.117951, b'0', b'1'),
(381, 'عزيز المصري', 31.195408, 30.057512, b'0', b'1'),
(382, 'عمارات عثمان', 31.326999, 30.046989, b'0', b'1'),
(383, 'عمرانية', 31.202143, 29.998819, b'0', b'1'),
(384, 'عين الحياه', 31.372429, 30.122321, b'0', b'1'),
(385, 'عين الصيرة', 31.244037, 30.01685, b'0', b'1'),
(386, 'عين حلوان', 31.324875, 29.862609, b'0', b'1'),
(387, 'عين شمس', 31.330018, 30.127944, b'1', b'1'),
(388, 'فم الخليج', 31.230107, 30.021128, b'0', b'1'),
(389, 'فيصل', 32.310752, 30.199908, b'1', b'1'),
(390, 'قسم الحدائق', 31.283958, 30.093812, b'0', b'1'),
(391, 'قسم حدائق القبه', 31.283958, 30.093812, b'0', b'1'),
(392, 'قصر العيني', 31.228622, 30.031877, b'0', b'1'),
(393, 'قليوب', 31.206785, 30.17629, b'0', b'1'),
(394, 'قليوب البلد', 31.206785, 30.17629, b'0', b'1'),
(395, 'قليوب المظلات', 31.248275, 30.112151, b'0', b'1'),
(396, 'كبرى الفنجرى', 31.301724, 30.074164, b'0', b'1'),
(397, 'كرداسة', 31.111022, 30.031185, b'0', b'1'),
(398, 'كرداسه', 31.111022, 30.031185, b'0', b'1'),
(399, 'كفر أبو صير', 31.369887, 30.160295, b'0', b'1'),
(400, 'كفر الجبل', 31.148844, 29.974822, b'0', b'1'),
(401, 'كفر طهر مس', 31.181061, 30.015173, b'0', b'1'),
(402, 'كفر طهرمس', 31.181061, 30.015173, b'0', b'1'),
(403, 'كفر غطاطى', 31.123938, 30.003205, b'0', b'1'),
(404, 'كلية البنات', 31.329191, 30.081103, b'0', b'1'),
(405, 'كلية البنات الإسلامية', 31.311332, 30.0625, b'0', b'1'),
(406, 'كلية البنات الاسلاميه', 31.311332, 30.0625, b'0', b'1'),
(407, 'كلية الزراعة', 29.919704, 31.206135, b'1', b'1'),
(408, 'كلية بنات عين شمس', 31.329191, 30.081103, b'0', b'1'),
(409, 'كليه بنات عين شمس', 31.329191, 30.081103, b'0', b'1'),
(410, 'كهرباء الأهرام', 29.89599, 31.193875, b'0', b'1'),
(411, 'كهرباء الهرم', 31.190813, 30.005174, b'0', b'1'),
(412, 'كوبرى 6 أكتوبر', 31.219151, 30.048568, b'0', b'1'),
(413, 'كوبرى 6 اكتوبر', 31.219151, 30.048568, b'0', b'1'),
(414, 'كوبرى أكتوبر', 31.219151, 30.048568, b'0', b'1'),
(415, 'كوبرى احمد عرابى', 31.195855, 30.069885, b'0', b'1'),
(416, 'كوبرى الجامعة', 31.220169, 30.028578, b'0', b'1'),
(417, 'كوبرى الجلاء', 31.220407, 30.040131, b'0', b'1'),
(418, 'كوبرى العاشر من رمضان', 32.249122, 30.611061, b'0', b'1'),
(419, 'كوبرى القبة', 31.294107, 30.077747, b'1', b'1'),
(420, 'كوبرى روض الفرج', 31.229989, 30.085836, b'0', b'1'),
(421, 'كوبرى مسطرد', 31.285863, 30.130689, b'0', b'1'),
(422, 'كوبرى. 6 اكتوبر', 31.219151, 30.048568, b'0', b'1'),
(423, 'كوبرى6 اكتوبر', 31.219151, 30.048568, b'0', b'1'),
(424, 'كوبري الجلاء', 31.220407, 30.040131, b'0', b'1'),
(425, 'كوبري الشبينى', 31.407517, 31.046924, b'0', b'1'),
(426, 'كوبري القبة', 31.294107, 30.077747, b'0', b'1'),
(427, 'كوبري روض الفرج', 31.229989, 30.085836, b'0', b'1'),
(428, 'كوبري عرابي', 31.249926, 30.117702, b'0', b'1'),
(429, 'كورنيش النيل', 31.811798, 31.416445, b'0', b'1'),
(430, 'لاظوغلى', 31.239655, 30.039515, b'0', b'1'),
(431, 'للأنفاق دائري', 31.280417, 30.091394, b'0', b'1'),
(432, 'م . الجيزة', 31.208853, 30.013056, b'0', b'1'),
(433, 'م الجيزة', 31.208853, 30.013056, b'0', b'1'),
(434, 'م. السلام', 31.230053, 29.98481, b'0', b'1'),
(435, 'م. السلام (أسبيكو)', 31.413023, 30.180607, b'0', b'1'),
(436, 'م. عين شمس', 31.290264, 30.076616, b'0', b'1'),
(437, 'مؤسسة الزكاة', 31.346331, 30.145221, b'0', b'1'),
(438, 'ماسبيرو', 31.230628, 30.052838, b'0', b'1'),
(439, 'مبدان لبنان', 31.193029, 30.059567, b'0', b'1'),
(440, 'مجرى العيون', 31.240361, 30.032085, b'0', b'1'),
(441, 'مجمع المدارس ( الفسطاط )', 31.20575, 30.009104, b'0', b'1'),
(442, 'مجمع مدارس الفسطاط', 31.20575, 30.009104, b'0', b'1'),
(443, 'محطة المرج', 31.33834, 30.163686, b'0', b'1'),
(444, 'محطة المرج الجديدة', 31.33834, 30.163686, b'0', b'1'),
(445, 'محطة المطرية (المترو)', 31.313712, 30.120909, b'0', b'1'),
(446, 'محطة طرة', 31.27298, 29.946763, b'0', b'1'),
(447, 'محطة طرة للأنفاق', 31.27298, 29.946763, b'0', b'1'),
(448, 'محطة مترو الأنفاق بالمرج', 31.313762, 30.119885, b'0', b'1'),
(449, 'محور الجمالية', 31.263673, 30.052003, b'0', b'1'),
(450, 'مدينة البعوث', 31.276529, 30.05623, b'0', b'1'),
(451, 'مدينة الحرفيين', 31.403756, 30.152756, b'0', b'1'),
(452, 'مدينة السلام', 31.411875, 30.170333, b'0', b'1'),
(453, 'مدينة السلام ( أسبيكو )', 31.411875, 30.170333, b'0', b'1'),
(454, 'مدينة السلام ( القاهرة و )', 31.411875, 30.170333, b'0', b'1'),
(455, 'مدينة السلام (أسبيكو)', 31.411875, 30.170333, b'0', b'1'),
(456, 'مدينة السلام (إسكندرية)', 31.417183, 30.180524, b'0', b'1'),
(457, 'مدينة السلام (اسبيكو)', 31.411875, 30.170333, b'0', b'1'),
(458, 'مدينة السلام (اسكندرية)', 31.417183, 30.180524, b'0', b'1'),
(459, 'مدينة السلام القاهرة', 31.411875, 30.170333, b'0', b'1'),
(460, 'مدينة السلام اللبن', 31.173924, 30.034134, b'0', b'1'),
(461, 'مدينة الشروق', 31.639718, 30.144212, b'0', b'1'),
(462, 'مدينة الشيخ زايد', 30.97616, 30.049163, b'0', b'1'),
(463, 'مدينة الضباط', 30.003903, 31.259903, b'0', b'1'),
(464, 'مدينة الطلبة', 31.203495, 30.07068, b'0', b'1'),
(465, 'مدينة الطلبه', 31.200425, 30.056982, b'0', b'1'),
(466, 'مدينة العبور', 31.479895, 30.228341, b'0', b'1'),
(467, 'مدينة النهضة', 31.437727, 30.173618, b'0', b'1'),
(468, 'مدينة نصر', 31.330108, 30.05661, b'0', b'1'),
(469, 'مدينه الطلبة', 31.201713, 30.069416, b'0', b'1'),
(470, 'مر صفا', 31.249173, 30.409668, b'0', b'1'),
(471, 'مزلقان زكى', 31.255215, 30.086214, b'0', b'1'),
(472, 'مساكن اسكو', 31.277347, 30.151151, b'0', b'1'),
(473, 'مساكن الأميرية', 31.289817, 30.106841, b'0', b'1'),
(474, 'مساكن الحرفين بالدويقة', 31.247734, 30.039202, b'0', b'1'),
(475, 'مساكن الحرفيين', 31.398722, 30.144321, b'0', b'1'),
(476, 'مساكن الحلمية', 31.332174, 30.116884, b'0', b'1'),
(477, 'مساكن الحلميه', 31.332174, 30.116884, b'0', b'1'),
(478, 'مساكن الدويقة', 30.746216, 29.174426, b'0', b'1'),
(479, 'مساكن الدويقه الجديدة', 31.281652, 30.045821, b'0', b'1'),
(480, 'مساكن الشروق', 31.360223, 30.06821, b'0', b'1'),
(481, 'مساكن الضباط', 31.114405, 29.986519, b'0', b'1'),
(482, 'مساكن الطوب الرملى', 31.363353, 30.041387, b'0', b'1'),
(483, 'مساكن الماطة', 31.301802, 30.117595, b'0', b'1'),
(484, 'مساكن الماظة', 31.352354, 30.082606, b'0', b'1'),
(485, 'مساكن النصر', 32.278601, 31.242396, b'0', b'1'),
(486, 'مساكن الوحدة', 31.251239, 30.120718, b'0', b'1'),
(487, 'مساكن زينهم', 31.244982, 30.02338, b'0', b'1'),
(488, 'مساكن شيراتون', 31.373713, 30.105748, b'0', b'1'),
(489, 'مساكن شيرتوان', 31.373713, 30.105748, b'0', b'1'),
(490, 'مساكن عثمان', 30.944606, 29.919245, b'0', b'1'),
(491, 'مساكن عين شمس', 31.279952, 30.129683, b'0', b'1'),
(492, 'مساكن عين شمس اض 1', 31.314503, 30.116475, b'0', b'1'),
(493, 'مساكن عين شمس م . الحجاز', 31.232105, 30.04158, b'0', b'1'),
(494, 'مستشفى الحسين', 31.26592, 30.045257, b'0', b'1'),
(495, 'مسرة', 31.245101, 30.070895, b'0', b'1'),
(496, 'مسطرد', 31.286932, 30.141235, b'0', b'1'),
(497, 'مسطرد 15', 31.264675, 30.1233, b'0', b'1'),
(498, 'مسكن الشروق', 31.360223, 30.06821, b'0', b'1'),
(499, 'مسكن الطوب الرملي', 31.347667, 30.050438, b'0', b'1'),
(500, 'مسكن عين شمس', 31.336446, 30.118565, b'0', b'1'),
(501, 'مسلة', 31.30927, 30.13125, b'0', b'1'),
(502, 'مشتهر', 31.23402, 30.361023, b'0', b'1'),
(503, 'مصر إسكندرية الزراعى', 30.750244, 30.81286, b'0', b'1'),
(504, 'مصر إسكندرية الزراعي', 30.750244, 30.81286, b'0', b'1'),
(505, 'مصر الإسماعيلية', 32.271459, 30.596492, b'0', b'1'),
(506, 'مصر الجديدة', 31.322709, 30.090984, b'0', b'1'),
(507, 'مصر والسودان', 31.816418, 31.411135, b'0', b'1'),
(508, 'مصطفى النحاس', 29.923033, 31.212869, b'0', b'1'),
(509, 'مطار القاهرة', 31.410364, 30.118803, b'0', b'1'),
(510, 'معهد التكنولوجيا', 31.757302, 30.304795, b'0', b'1'),
(511, 'معهد الخدمة الاجتماعية', 31.352376, 30.06789, b'0', b'1'),
(512, 'مكرم عبيد', 31.345622, 30.057069, b'0', b'1'),
(513, 'منشأة القناطر', 31.108289, 30.185388, b'0', b'1'),
(514, 'منشاة ناصر', 31.278252, 30.03623, b'0', b'1'),
(515, 'منشية البكري', 31.311269, 30.083613, b'0', b'1'),
(516, 'منشية الصدر', 31.287615, 30.082318, b'1', b'1'),
(517, 'منشية ناصر', 31.278252, 30.03623, b'0', b'1'),
(518, 'منطي', 31.248899, 30.13614, b'0', b'1'),
(519, 'منيرة', 31.122481, 30.244408, b'0', b'1'),
(520, 'منيرة إمبابة', 31.198418, 30.079579, b'0', b'1'),
(521, 'منيل', 31.386492, 31.115105, b'0', b'1'),
(522, 'مهمشة', 31.264067, 30.073968, b'0', b'1'),
(523, 'موتسيان', 31.190796, 29.984314, b'0', b'1'),
(524, 'موقف المرج', 31.338507, 30.165094, b'0', b'1'),
(525, 'ميت رهينة', 31.245467, 29.848672, b'0', b'1'),
(526, 'ميت عقبة', 31.195376, 30.060833, b'0', b'1'),
(527, 'ميت عقبه', 31.195376, 30.060833, b'0', b'1'),
(528, 'ميت كنانة', 31.261346, 30.385681, b'0', b'1'),
(529, 'ميت كنانة مرصفا', 31.261346, 30.385681, b'0', b'1'),
(530, 'ميت كنانه ال', 31.261346, 30.385681, b'0', b'1'),
(531, 'ميدان الاسماعيليه', 31.334483, 30.096481, b'0', b'1'),
(532, 'ميدان الجيزة', 31.211436, 30.027848, b'0', b'1'),
(533, 'ميدان الحجاز', 31.337355, 30.10754, b'0', b'1'),
(534, 'ميدان الحدائق', 31.287764, 30.094007, b'0', b'1'),
(535, 'ميدان الرماية', 31.125216, 29.987695, b'0', b'1'),
(536, 'ميدان العتبة', 31.250374, 30.052925, b'0', b'1'),
(537, 'ميدان المطرية', 31.306257, 30.115374, b'0', b'1'),
(538, 'ميدان لبنان', 31.193029, 30.059567, b'0', b'1'),
(539, 'نادى السكة', 30.993157, 30.780806, b'0', b'1'),
(540, 'ناهيا', 31.12784, 30.048786, b'0', b'1'),
(541, 'نخلة المطيعى', 31.341552, 30.100911, b'0', b'1'),
(542, 'نهضة مصر', 31.439904, 30.171561, b'0', b'1'),
(543, 'هارون الرشيد', 29.931274, 31.221156, b'0', b'1'),
(544, 'هايكستب', 31.419904, 30.143144, b'0', b'1'),
(545, 'هضبة الهرم', 31.096564, 29.970912, b'0', b'1'),
(546, 'وراق العرب', 31.211122, 30.096994, b'0', b'1'),
(547, 'يوسف عباس', 31.259894, 30.064278, b'0', b'1'),
(548, 'جامعة حلوان', 31.316525, 29.867014, b'1', b'0'),
(549, 'وادى حوف', 31.313433, 29.87902, b'1', b'0'),
(550, 'حدائق حلوان', 31.237229, 30.033935, b'1', b'0'),
(551, 'طرة الاسمنت', 31.288386, 29.923279, b'1', b'0'),
(552, 'حدائق المعادى', 31.250863, 29.969797, b'1', b'0'),
(553, 'ميدان التحرير', 31.235717, 30.044397, b'1', b'0'),
(554, 'ميدان رمسيس', 31.246965, 30.062115, b'1', b'0'),
(555, 'الدمرداش', 31.275512, 30.073553, b'1', b'0'),
(556, 'حمامات القبة', 31.298901, 30.091255, b'1', b'0'),
(557, 'سرايا القبة', 31.300637, 30.10179, b'1', b'0'),
(558, 'حدائق الزيتون', 31.31045, 30.10593, b'1', b'0'),
(559, 'حلمية الزيتون', 31.318419, 30.119387, b'1', b'0'),
(560, 'ضواحى الجيزة', 31.209454, 30.013836, b'1', b'0'),
(561, 'محطة الجيزة', 31.213604, 30.009535, b'1', b'0'),
(562, 'محمد نجيب', 29.764839, 31.105773, b'1', b'0'),
(563, 'مبارك', 46.829995, 24.774051, b'1', b'0'),
(564, 'سانت تريزا', 31.245503, 30.087959, b'1', b'0');

--
-- Indexes for dumped tables
--

--
-- Indexes for table `Buses`
--
ALTER TABLE `Buses`
  ADD PRIMARY KEY (`ID`),
  ADD UNIQUE KEY `ID` (`ID`),
  ADD UNIQUE KEY `name` (`name`);

--
-- Indexes for table `Bus_stations`
--
ALTER TABLE `Bus_stations`
  ADD PRIMARY KEY (`bus_id`,`station_id`);

--
-- Indexes for table `Stations`
--
ALTER TABLE `Stations`
  ADD PRIMARY KEY (`ID`),
  ADD UNIQUE KEY `ID` (`ID`),
  ADD UNIQUE KEY `name` (`name`);

--
-- AUTO_INCREMENT for dumped tables
--

--
-- AUTO_INCREMENT for table `Buses`
--
ALTER TABLE `Buses`
  MODIFY `ID` int(11) NOT NULL AUTO_INCREMENT, AUTO_INCREMENT=838;
--
-- AUTO_INCREMENT for table `Stations`
--
ALTER TABLE `Stations`
  MODIFY `ID` int(11) NOT NULL AUTO_INCREMENT, AUTO_INCREMENT=565;
/*!40101 SET CHARACTER_SET_CLIENT=@OLD_CHARACTER_SET_CLIENT */;
/*!40101 SET CHARACTER_SET_RESULTS=@OLD_CHARACTER_SET_RESULTS */;
/*!40101 SET COLLATION_CONNECTION=@OLD_COLLATION_CONNECTION */;
