-- phpMyAdmin SQL Dump
-- version 4.5.4.1deb2ubuntu2
-- http://www.phpmyadmin.net
--
-- Host: localhost
-- Generation Time: May 09, 2017 at 12:41 AM
-- Server version: 5.7.18-0ubuntu0.16.04.1
-- PHP Version: 7.0.15-0ubuntu0.16.04.4

SET SQL_MODE = "NO_AUTO_VALUE_ON_ZERO";
SET time_zone = "+00:00";


/*!40101 SET @OLD_CHARACTER_SET_CLIENT=@@CHARACTER_SET_CLIENT */;
/*!40101 SET @OLD_CHARACTER_SET_RESULTS=@@CHARACTER_SET_RESULTS */;
/*!40101 SET @OLD_COLLATION_CONNECTION=@@COLLATION_CONNECTION */;
/*!40101 SET NAMES utf8mb4 */;

--
-- Database: `Mwaslaty`
--

-- --------------------------------------------------------

--
-- Table structure for table `Buses`
--

CREATE TABLE `Buses` (
  `ID` int(11) NOT NULL,
  `name` varchar(50) COLLATE utf8_unicode_ci NOT NULL,
  `cost` float DEFAULT NULL
) ENGINE=InnoDB DEFAULT CHARSET=utf8 COLLATE=utf8_unicode_ci;

--
-- Dumping data for table `Buses`
--

INSERT INTO `Buses` (`ID`, `name`, `cost`) VALUES
(1, '1062 ', 2),
(2, '1092 ', 2),
(3, '1079 ', 2),
(4, '1072 ', 2),
(5, '1073 ', 2),
(6, '1074 ', 2),
(7, '1081 ', 2),
(8, '1080 ', 2),
(9, '1067 ', 2),
(10, '1065 ', 2),
(11, '1066 ', 2),
(12, '27 ', 2),
(13, '17 ', 2),
(14, '401 ', 2),
(15, '69 ', 2),
(16, '72 ', 2),
(17, '82 ', 2),
(18, '998 ', 2),
(19, '1 ', 2),
(20, '11 ', 2),
(21, '12 ', 2),
(22, '174 ', 2),
(23, '176 ', 2),
(24, '202 ', 2),
(25, '210 ', 2),
(26, '216 ', 2),
(27, '24 ', 2),
(28, '3 ', 2),
(29, '300 ', 2),
(30, '31 ', 2),
(31, '333 ', 2),
(32, '35 ', 2),
(33, '400 ', 2),
(35, '41 ', 2),
(36, '44 ', 2),
(37, '46 ', 2),
(38, '500 ', 2),
(39, '54 ', 2),
(40, '567 ', 2),
(41, '60 ', 2),
(42, '62 ', 2),
(44, '73 ', 2),
(45, '8 ', 2),
(46, '80 ', 2),
(47, '817 ', 2),
(49, '878 ', 2),
(50, '919 ', 2),
(51, '920 ', 2),
(52, '927 ', 2),
(53, '932 ', 2),
(54, '940 ', 2),
(55, '941 ', 2),
(56, '943 ', 2),
(57, '945 ', 2),
(58, '950 ', 2),
(59, '956 ', 2),
(60, '969 ', 2),
(61, '973 ', 2),
(62, '979 ', 2),
(63, '994 ', 2),
(68, '1 ط ', 2),
(69, '10 نقل جماعى ', 2),
(70, '10 ج ', 2),
(71, '105 هـ ', 2),
(72, '106 ', 2),
(73, '107 ', 2),
(75, '108 مينى باص ', 2),
(76, '109 ', 2),
(79, '11 ط ', 2),
(80, '110 ', 2),
(81, '114 ', 2),
(82, '114 هـ ', 2),
(83, '115 ', 2),
(84, '116 ', 2),
(86, '11 ج ', 2),
(87, '11 مكيف نقل جماعى ', 2),
(90, '12 ج ', 2),
(91, '12 ترام ', 2),
(92, '120 ', 2),
(93, '120 نقل جماعى ', 2),
(94, '121 ', 2),
(95, '121 نقل جماعى ', 2),
(96, '122 ', 2),
(97, '122 هـ ', 2),
(98, '123 ', 2),
(99, '123 مينى باص ', 2),
(100, '123 هـ ', 2),
(101, '124 ', 2),
(102, '124 هـ نقل جماعى ', 2),
(103, '125 نقل جماعى ', 2),
(104, '125 ش القاهرة ', 2),
(105, '126 نقل جماعى ', 2),
(106, '128هـ نقل جماعى ', 2),
(107, '129 هـ نقل جماعى ', 2),
(109, '12مكيف نقل جماعى ', 2),
(110, '130 ', 2),
(111, '131 مينى باص ', 2),
(112, '132 ', 2),
(113, '132 هـ ', 2),
(114, '134 ', 2),
(116, '134 هـ نقل جماعى ', 2),
(117, '135 هـ نقل جماعى ', 2),
(118, '136 نقل جماعى ', 2),
(119, '13 ج ', 2),
(120, '13 مكيف نقل جماعى ', 2),
(121, '14 ج ', 2),
(123, '14 م ', 2),
(124, '14 مكيف نقل جماعى ', 2),
(125, '15 ', 2),
(126, '15 نقل جماعى ', 2),
(127, '150 مينى باص ', 2),
(128, '150 هـ نقل جماعى ', 2),
(129, '151 نقل جماعى ', 2),
(130, '152 نقل جماعى ', 2),
(131, '153 نقل جماعى ', 2),
(132, '154 مينى باص ', 2),
(133, '155 ', 2),
(134, '155 مينى باص ', 2),
(135, '156 هـ نقل جماعى ', 2),
(136, '157 ', 2),
(137, '157 نقل جماعى ', 2),
(138, '158 ', 2),
(139, '159 ', 2),
(140, '15 ج ', 2),
(141, '16 ', 2),
(142, '16 نقل جماعى ', 2),
(143, '16 ج ', 2),
(144, '160 ', 2),
(145, '160 نقل جماعى ', 2),
(147, '165 نقل جماعى ', 2),
(148, '166 نقل جماعى ', 2),
(150, '17 نقل جماعى ', 2),
(151, '17 ط ', 2),
(152, '170 ', 2),
(154, '175 ', 2),
(156, '178 ', 2),
(157, '179 ', 2),
(158, '17 ج ', 2),
(159, '18 ', 2),
(160, '18 نقل جماعى ', 2),
(161, '180 نقل جماعى ', 2),
(162, '181 نقل جماعى ', 2),
(163, '182 ', 2),
(164, '182 نقل جماعى ', 2),
(165, '183 مينى باص ', 2),
(166, '184 نقل جماعى ', 2),
(167, '19 ', 2),
(168, '19 نقل جماعى ', 2),
(169, '19 ج ', 2),
(170, '190 ', 2),
(171, '195 نقل جماعى ', 2),
(172, '196 ', 2),
(174, '1 ج ', 2),
(175, '2 نقل جماعى ', 2),
(176, '2 ج نزهه ', 2),
(177, '2 ج مسلة ', 2),
(178, '20 ', 2),
(179, '20 ج ', 2),
(180, '20 مينى باص ', 2),
(181, '20 هـ نقل جماعى ', 2),
(182, '200 ', 2),
(183, '201 ش القاهرة ', 2),
(184, '203 ش القاهرة ', 2),
(185, '20ج ', 2),
(186, '21 ', 2),
(188, '21 مينى باص ', 2),
(190, '211 ', 2),
(191, '212 ', 2),
(192, '213 ', 2),
(193, '214 ', 2),
(194, '215 ', 2),
(197, '217 ', 2),
(198, '218 ', 2),
(199, '219 ', 2),
(200, '21 ج ', 2),
(201, '21 هـ نقل جماعى ', 2),
(202, '22 نقل جماعى ', 2),
(203, '22 ج ', 2),
(204, '23 ج ', 2),
(205, '23 نقل جماعى ', 2),
(206, '23 مينى باص ', 2),
(209, '24 ط ', 2),
(210, '24 نقل جماعى ', 2),
(212, '24 ج ', 2),
(213, '25 نقل جماعى ', 2),
(214, '250 ', 2),
(215, '26 ', 2),
(216, '26 ج ', 2),
(218, '27 مينى باص ', 2),
(219, '27 ج ', 2),
(220, '28 ', 2),
(221, '28 ط ', 2),
(222, '28 ج ', 2),
(223, '29 ج ', 2),
(224, '290 ', 2),
(226, '2 ج ', 2),
(227, '3 نقل جماعى ', 2),
(228, '3 ج ', 2),
(229, '30 ', 2),
(230, '30 ج ', 2),
(231, '30 نقل جماعى ', 2),
(232, '30 مينى باص ', 2),
(235, '301 نقل جماعى ', 2),
(236, '302 نقل جماعى ', 2),
(237, '302 ش القاهرة ', 2),
(238, '303 نقل جماعى ', 2),
(239, '304 نقل جماعى ', 2),
(240, '305 نقل جماعى ', 2),
(241, '305 ش القاهرة ', 2),
(242, '306 نقل جماعى ', 2),
(243, '306 ش القاهرة ', 2),
(245, '307 نقل جماعى ', 2),
(246, '308 نقل جماعى ', 2),
(247, '309 نقل جماعى ', 2),
(249, '30 هـ نقل جماعى ', 2),
(251, '31 نقل جماعى ', 2),
(252, '31 ج ', 2),
(253, '31 مينى باص ', 2),
(254, '310 نقل جماعى ', 2),
(255, '311 نقل جماعى ', 2),
(256, '312 ', 2),
(257, '312 نقل جماعى ', 2),
(258, '313 نقل جماعى ', 2),
(259, '314 نقل جماعى ', 2),
(260, '314 ش القاهرة ', 2),
(261, '315 ', 2),
(262, '315 نقل جماعى ', 2),
(263, '318 ', 2),
(265, '32 نقل جماعى ', 2),
(266, '32 ترام ', 2),
(267, '32 مينى باص ', 2),
(268, '320 ', 2),
(269, '321 ', 2),
(270, '322 ', 2),
(271, '328 ', 2),
(272, '32 هـ نقل جماعى ', 2),
(273, '33 ', 2),
(274, '33 ط ', 2),
(275, '33 ترام ', 2),
(276, '33 مينى باص ', 2),
(277, '330 ', 2),
(278, '331 ', 2),
(281, '335 ', 2),
(282, '336 ', 2),
(283, '337 ', 2),
(284, '338 ', 2),
(285, '339 ', 2),
(286, '33 ج ', 2),
(287, '33 هـ نقل جماعى ', 2),
(288, '34 نقل جماعى ', 2),
(289, '34 ط ', 2),
(292, '34 ج ', 2),
(294, '340 ', 2),
(295, '341 ', 2),
(296, '342 ', 2),
(297, '344 ', 2),
(298, '345 ', 2),
(299, '346 ', 2),
(300, '347 ', 2),
(301, '348 ', 2),
(302, '349 ', 2),
(306, '35 ط ', 2),
(307, '35 مينى باص ', 2),
(308, '350 ', 2),
(309, '35 ج ', 2),
(310, '36 ', 2),
(311, '36 نقل جماعى ', 2),
(312, '36 ج ', 2),
(313, '36 ترام ', 2),
(315, '37 ج ', 2),
(317, '39 ', 2),
(318, '39 مينى باص ', 2),
(320, '39 هـ نقل جماعى ', 2),
(322, '4 ', 2),
(323, '4 نقل جماعى ', 2),
(324, '4 ط ', 2),
(325, '40 ترام ', 2),
(331, '403 ش القاهرة ', 2),
(332, '406 ش القاهرة ', 2),
(333, '407 ', 2),
(334, '409 ش القاهرة ', 2),
(335, '40 هـ نقل جماعى ', 2),
(338, '41 ترام ', 2),
(339, '411 ش القاهرة ', 2),
(340, '412 ', 2),
(341, '413 ', 2),
(342, '414 ', 2),
(343, '41 هـ نقل جماعى »»»مساكن عثمان ', 2),
(344, '42 ترام ', 2),
(345, '43 ', 2),
(346, '43 ترام ', 2),
(347, '430 ', 2),
(348, '431 ش القاهرة ', 2),
(349, '432 ش القاهرة ', 2),
(350, '433 ش القاهرة ', 2),
(351, '434 ', 2),
(352, '435 ', 2),
(355, '44 ترام ', 2),
(356, '440 ش القاهرة ', 2),
(357, '442 ش القاهرة ', 2),
(358, '443 ش القاهرة ', 2),
(359, '444 ش القاهرة ', 2),
(360, '445 ش القاهرة ', 2),
(361, '448 ش القاهرة ', 2),
(362, '45 ', 2),
(363, '45 مينى باص ', 2),
(364, '450 ش القاهرة ', 2),
(367, '46 مينى باص ', 2),
(368, '47 ', 2),
(369, '47 مينى باص ', 2),
(370, '48 ', 2),
(371, '48 مينى باص ', 2),
(372, '49 مينى باص ', 2),
(373, '4 ج ', 2),
(374, '5 نقل جماعى ', 2),
(375, '5 ط ', 2),
(376, '5 ترام ', 2),
(377, '50 مينى باص ', 2),
(380, '51 ', 2),
(381, '51 مينى باص ', 2),
(382, '510 ', 2),
(383, '52 مينى باص ', 2),
(384, '529 ', 2),
(385, '53 ', 2),
(388, '55 ', 2),
(389, '55 مينى باص ', 2),
(390, '550 ', 2),
(391, '555 ', 2),
(392, '56 مينى باص ', 2),
(393, '562 ', 2),
(394, '563 ', 2),
(395, '564 ', 2),
(396, '565 ', 2),
(397, '566 ', 2),
(399, '568 ', 2),
(400, '56 هـ نقل جماعى ', 2),
(401, '57 ', 2),
(402, '570 ', 2),
(403, '58 ', 2),
(404, '58 مينى باص ', 2),
(405, '58 هـ نقل جماعى ', 2),
(406, '59 ', 2),
(407, '5 ج ', 2),
(408, '6 ', 2),
(409, '6 نقل جماعى ', 2),
(411, '60 نقل جماعى ', 2),
(413, '60 مينى باص ', 2),
(414, '600 ', 2),
(415, '61 مينى باص ', 2),
(416, '611 ', 2),
(418, '62 نقل جماعى ', 2),
(419, '62 مينى باص ', 2),
(420, '63 ', 2),
(421, '64 ', 2),
(422, '65 ', 2),
(423, '65 م ', 2),
(425, '66 ', 2),
(426, '666 ', 2),
(427, '67 ', 2),
(428, '68 مينى باص ', 2),
(431, '6 ج ', 2),
(432, '7 ', 2),
(433, '7 نقل جماعى ', 2),
(434, '70 مينى باص ', 2),
(435, '700 ', 2),
(436, '701 ش القاهرة ', 2),
(437, '702 ش القاهرة ', 2),
(438, '703 ش القاهرة ', 2),
(439, '704 ش القاهرة ', 2),
(440, '705 ش القاهرة ', 2),
(441, '706 ش القاهرة ', 2),
(442, '709 ش القاهرة ', 2),
(443, '71 ', 2),
(444, '710 ', 2),
(450, '732 ش القاهرة ', 2),
(451, '733 ش القاهرة ', 2),
(452, '74 ', 2),
(453, '743 ش القاهرة ', 2),
(454, '746 ش القاهرة ', 2),
(455, '75 نقل جماعى ', 2),
(456, '75 مينى باص ', 2),
(457, '750 ش القاهرة ', 2),
(458, '757 ش القاهرة ', 2),
(459, '758 ش القاهرة ', 2),
(460, '759 ش القاهرة ', 2),
(462, '76 نقل جماعى ', 2),
(463, '760 ش القاهرة ', 2),
(464, '77 نقل جماعى ', 2),
(465, '77 مينى باص ', 2),
(466, '770 ش القاهرة ', 2),
(467, '771 ش القاهرة ', 2),
(468, '772 ش القاهرة ', 2),
(469, '777 ', 2),
(470, '78 ', 2),
(471, '78 نقل جماعى ', 2),
(472, '79 نقل جماعى ', 2),
(473, '790 ش القاهرة ', 2),
(474, '791 ش القاهرة ', 2),
(475, '792 ش القاهرة ', 2),
(477, '793 ش القاهرة ', 2),
(478, '794 ش القاهرة ', 2),
(479, '795 ش القاهرة ', 2),
(480, '7 ج ', 2),
(482, '8 نقل جماعى ', 2),
(484, '80 نقل جماعى ', 2),
(486, '800 ', 2),
(487, '803 ش القاهرة ', 2),
(489, '81 نقل جماعى ', 2),
(490, '810 ', 2),
(491, '811 ', 2),
(492, '812 ', 2),
(493, '814 ', 2),
(494, '815 ', 2),
(497, '818 ', 2),
(501, '82 مينى باص ', 2),
(502, '820 ', 2),
(503, '824 ', 2),
(504, '825 ', 2),
(505, '828 ', 2),
(506, '83 ', 2),
(507, '83 مينى باص ', 2),
(508, '831 ', 2),
(509, '833 ', 2),
(510, '837 ', 2),
(511, '84 مينى باص ', 2),
(512, '840 ', 2),
(513, '85 ', 2),
(514, '85 نقل جماعى ', 2),
(515, '855 ', 2),
(516, '86 ', 2),
(517, '86 نقل جماعى ', 2),
(518, '865 ', 2),
(519, '869 ', 2),
(520, '87 ', 2),
(523, '88 ', 2),
(524, '888 ', 2),
(525, '8 ج ', 2),
(526, '9 ', 2),
(527, '9 نقل جماعى ', 2),
(528, '90 نقل جماعى ', 2),
(529, '90 مينى باص ', 2),
(530, '900 ', 2),
(531, '903 ', 2),
(532, '909 ش القاهرة ', 2),
(533, '910 ', 2),
(534, '911 ', 2),
(535, '912 ', 2),
(536, '913 ', 2),
(537, '914 ', 2),
(538, '915 ', 2),
(539, '916 ', 2),
(540, '917 ', 2),
(541, '918 ', 2),
(546, '921 ', 2),
(547, '922 ', 2),
(548, '923 ', 2),
(549, '924 ', 2),
(550, '925 ', 2),
(551, '926 ', 2),
(554, '93 مينى باص ', 2),
(556, '93 هـ نقل جماعى ', 2),
(557, '930 ', 2),
(558, '931 ', 2),
(561, '933 ', 2),
(562, '934 ', 2),
(563, '935 ', 2),
(564, '936 ', 2),
(565, '937 ', 2),
(566, '938 ', 2),
(567, '939 ', 2),
(569, '94 ', 2),
(570, '94 مينى باص ', 2),
(575, '942 ', 2),
(578, '944 ', 2),
(581, '946 ', 2),
(582, '947 ', 2),
(583, '948 ', 2),
(584, '949 ', 2),
(585, '95 ', 2),
(586, '95 نقل جماعى ', 2),
(589, '951 ', 2),
(590, '952 ', 2),
(591, '953 ', 2),
(592, '954 ', 2),
(593, '955 ', 2),
(596, '957 ', 2),
(597, '958 ', 2),
(598, '959 ', 2),
(599, '96 ', 2),
(601, '962 ', 2),
(602, '966 ش القاهرة ', 2),
(603, '967 ', 2),
(604, '968 ', 2),
(607, '970 ', 2),
(608, '971 ', 2),
(609, '972 ', 2),
(612, '975 ', 2),
(613, '976 ', 2),
(614, '977 ', 2),
(615, '978 ', 2),
(618, '980 ', 2),
(619, '981 ', 2),
(620, '982 ', 2),
(621, '984 ', 2),
(622, '985 ', 2),
(623, '986 ', 2),
(624, '987 ', 2),
(625, '988 ', 2),
(626, '989 ', 2),
(627, '990 ', 2),
(628, '991 ', 2),
(629, '992 ', 2),
(630, '993 ', 2),
(632, '995 ', 2),
(633, '996 ', 2),
(634, '997 ', 2),
(638, '999 ', 2),
(639, '9 ج ', 2);

-- --------------------------------------------------------

--
-- Table structure for table `Bus_stations`
--

CREATE TABLE `Bus_stations` (
  `bus_id` int(11) NOT NULL,
  `station_id` int(11) NOT NULL
) ENGINE=InnoDB DEFAULT CHARSET=utf8 COLLATE=utf8_unicode_ci;

--
-- Dumping data for table `Bus_stations`
--

INSERT INTO `Bus_stations` (`bus_id`, `station_id`) VALUES
(1, 54),
(1, 299),
(2, 14),
(2, 196),
(3, 133),
(3, 299),
(4, 35),
(4, 238),
(5, 215),
(5, 238),
(6, 157),
(6, 173),
(7, 85),
(7, 275),
(8, 100),
(8, 299),
(9, 121),
(9, 420),
(10, 76),
(10, 444),
(11, 14),
(11, 420),
(12, 151),
(12, 215),
(12, 243),
(12, 299),
(13, 175),
(13, 201),
(13, 217),
(13, 341),
(14, 34),
(14, 108),
(14, 121),
(14, 131),
(14, 163),
(14, 243),
(14, 267),
(14, 268),
(14, 287),
(14, 399),
(15, 75),
(15, 78),
(15, 119),
(15, 121),
(15, 243),
(15, 291),
(15, 296),
(15, 415),
(16, 49),
(16, 56),
(16, 105),
(16, 106),
(16, 107),
(16, 108),
(16, 243),
(16, 282),
(16, 286),
(16, 354),
(16, 362),
(17, 20),
(17, 43),
(17, 86),
(17, 128),
(17, 200),
(17, 201),
(17, 205),
(17, 212),
(17, 299),
(17, 317),
(17, 321),
(17, 351),
(17, 352),
(17, 407),
(17, 432),
(18, 33),
(18, 186),
(18, 291),
(18, 296),
(18, 299),
(18, 378),
(18, 396),
(18, 418),
(19, 25),
(19, 157),
(19, 169),
(19, 175),
(19, 183),
(19, 185),
(19, 218),
(19, 281),
(19, 386),
(19, 448),
(20, 86),
(20, 104),
(20, 164),
(20, 184),
(20, 201),
(20, 218),
(20, 317),
(21, 5),
(21, 6),
(21, 64),
(21, 66),
(21, 128),
(21, 218),
(21, 343),
(21, 427),
(22, 39),
(22, 106),
(22, 131),
(22, 205),
(23, 13),
(23, 67),
(23, 102),
(23, 274),
(24, 15),
(24, 182),
(24, 225),
(24, 341),
(25, 121),
(25, 133),
(25, 134),
(25, 274),
(25, 275),
(25, 325),
(25, 326),
(26, 94),
(26, 97),
(26, 157),
(26, 293),
(26, 325),
(26, 412),
(26, 451),
(27, 132),
(27, 274),
(27, 279),
(27, 299),
(27, 342),
(28, 64),
(28, 215),
(28, 397),
(29, 104),
(29, 148),
(29, 205),
(29, 243),
(29, 319),
(30, 62),
(30, 92),
(30, 199),
(30, 243),
(31, 64),
(31, 169),
(31, 211),
(31, 242),
(31, 267),
(31, 332),
(31, 437),
(32, 73),
(32, 77),
(32, 79),
(32, 226),
(32, 296),
(32, 313),
(32, 319),
(32, 358),
(32, 359),
(33, 143),
(33, 151),
(33, 172),
(33, 205),
(33, 296),
(33, 304),
(33, 402),
(33, 416),
(35, 104),
(35, 148),
(35, 155),
(35, 174),
(35, 205),
(35, 229),
(35, 296),
(35, 311),
(35, 320),
(36, 73),
(36, 104),
(36, 249),
(36, 296),
(36, 299),
(36, 319),
(36, 324),
(36, 346),
(37, 104),
(37, 243),
(37, 296),
(37, 299),
(37, 311),
(37, 346),
(37, 393),
(38, 68),
(38, 143),
(38, 172),
(38, 296),
(38, 299),
(38, 438),
(38, 452),
(39, 86),
(39, 119),
(39, 138),
(39, 201),
(39, 235),
(39, 243),
(39, 296),
(39, 398),
(40, 175),
(40, 218),
(40, 420),
(41, 16),
(41, 76),
(41, 119),
(41, 187),
(41, 250),
(41, 287),
(41, 295),
(41, 296),
(41, 457),
(42, 27),
(42, 68),
(42, 76),
(42, 77),
(42, 187),
(42, 247),
(42, 249),
(42, 291),
(42, 296),
(42, 319),
(42, 457),
(44, 4),
(44, 46),
(44, 187),
(44, 296),
(44, 323),
(44, 423),
(44, 445),
(45, 64),
(45, 128),
(45, 147),
(45, 179),
(45, 292),
(45, 296),
(45, 340),
(45, 388),
(45, 407),
(46, 51),
(46, 85),
(46, 216),
(46, 247),
(46, 373),
(46, 385),
(46, 415),
(47, 1),
(47, 2),
(47, 88),
(47, 111),
(47, 274),
(47, 279),
(47, 302),
(47, 348),
(47, 408),
(49, 89),
(49, 90),
(49, 113),
(49, 132),
(49, 187),
(49, 243),
(49, 296),
(49, 389),
(49, 445),
(50, 106),
(50, 172),
(50, 214),
(50, 215),
(50, 287),
(50, 296),
(50, 375),
(51, 275),
(51, 299),
(51, 325),
(51, 351),
(51, 352),
(52, 155),
(52, 275),
(52, 279),
(52, 308),
(52, 398),
(52, 408),
(52, 441),
(53, 37),
(53, 42),
(53, 68),
(53, 296),
(53, 376),
(54, 243),
(54, 294),
(54, 296),
(54, 299),
(55, 4),
(55, 174),
(55, 226),
(55, 265),
(55, 296),
(55, 413),
(56, 103),
(56, 174),
(56, 199),
(56, 255),
(56, 381),
(57, 51),
(57, 85),
(57, 190),
(57, 215),
(57, 226),
(57, 296),
(57, 404),
(58, 36),
(58, 68),
(58, 85),
(58, 101),
(58, 172),
(58, 240),
(58, 291),
(58, 357),
(59, 92),
(59, 155),
(59, 199),
(59, 310),
(59, 384),
(59, 398),
(60, 118),
(60, 223),
(60, 241),
(60, 291),
(60, 295),
(60, 296),
(60, 410),
(60, 415),
(61, 68),
(61, 174),
(61, 265),
(61, 296),
(62, 5),
(62, 11),
(62, 105),
(62, 128),
(62, 165),
(62, 218),
(62, 330),
(62, 334),
(63, 64),
(63, 148),
(63, 207),
(63, 347),
(63, 443),
(68, 296),
(68, 299),
(68, 339),
(69, 391),
(70, 108),
(70, 243),
(70, 259),
(70, 296),
(70, 393),
(71, 287),
(71, 449),
(72, 169),
(73, 121),
(73, 169),
(75, 64),
(75, 163),
(76, 9),
(79, 3),
(79, 296),
(80, 13),
(80, 169),
(81, 169),
(81, 332),
(82, 110),
(82, 205),
(83, 285),
(84, 330),
(84, 334),
(84, 437),
(86, 103),
(86, 229),
(86, 256),
(86, 279),
(86, 296),
(87, 157),
(87, 229),
(87, 438),
(90, 72),
(90, 155),
(90, 296),
(90, 453),
(91, 37),
(91, 103),
(92, 58),
(92, 234),
(93, 243),
(94, 47),
(94, 58),
(95, 201),
(95, 296),
(95, 310),
(96, 168),
(96, 218),
(97, 199),
(97, 231),
(98, 18),
(98, 58),
(99, 404),
(100, 229),
(101, 169),
(101, 299),
(102, 296),
(102, 401),
(103, 296),
(103, 310),
(103, 444),
(104, 380),
(105, 157),
(105, 229),
(106, 229),
(106, 299),
(106, 306),
(107, 229),
(107, 306),
(109, 148),
(110, 299),
(111, 296),
(111, 403),
(112, 150),
(112, 271),
(112, 299),
(113, 5),
(113, 205),
(114, 13),
(114, 215),
(114, 269),
(114, 299),
(114, 354),
(116, 183),
(116, 296),
(117, 108),
(117, 310),
(118, 64),
(118, 429),
(119, 64),
(119, 117),
(119, 218),
(119, 246),
(119, 286),
(120, 183),
(120, 257),
(120, 404),
(121, 64),
(121, 158),
(121, 204),
(121, 218),
(121, 233),
(121, 246),
(121, 352),
(123, 271),
(123, 296),
(123, 302),
(124, 5),
(124, 183),
(125, 87),
(125, 218),
(125, 285),
(126, 138),
(126, 243),
(127, 13),
(128, 121),
(129, 146),
(130, 146),
(131, 142),
(131, 146),
(131, 151),
(132, 49),
(132, 299),
(133, 198),
(133, 409),
(134, 248),
(134, 299),
(135, 106),
(135, 307),
(136, 19),
(136, 157),
(136, 350),
(137, 98),
(137, 166),
(138, 88),
(138, 302),
(138, 325),
(138, 408),
(139, 70),
(139, 157),
(139, 302),
(139, 408),
(140, 86),
(140, 93),
(140, 232),
(140, 437),
(141, 175),
(141, 217),
(141, 344),
(141, 432),
(142, 296),
(143, 145),
(143, 233),
(143, 291),
(143, 345),
(143, 352),
(144, 105),
(144, 131),
(144, 286),
(145, 125),
(145, 296),
(145, 391),
(147, 49),
(147, 83),
(147, 93),
(147, 108),
(148, 153),
(148, 286),
(148, 444),
(150, 108),
(150, 174),
(151, 49),
(151, 169),
(152, 13),
(152, 167),
(154, 175),
(154, 296),
(154, 341),
(154, 455),
(156, 243),
(156, 291),
(156, 296),
(156, 298),
(157, 104),
(157, 247),
(157, 295),
(157, 323),
(158, 49),
(158, 58),
(158, 106),
(158, 108),
(159, 184),
(159, 341),
(159, 353),
(160, 368),
(160, 396),
(161, 136),
(161, 148),
(162, 136),
(162, 157),
(162, 238),
(163, 86),
(163, 105),
(163, 131),
(163, 205),
(163, 252),
(163, 284),
(163, 285),
(164, 377),
(165, 121),
(165, 440),
(166, 64),
(166, 429),
(167, 86),
(167, 344),
(167, 432),
(167, 456),
(168, 244),
(169, 119),
(169, 155),
(170, 67),
(170, 85),
(170, 184),
(170, 209),
(171, 161),
(171, 233),
(171, 299),
(172, 135),
(172, 153),
(172, 218),
(172, 426),
(174, 119),
(174, 243),
(174, 296),
(175, 148),
(177, 148),
(178, 184),
(178, 215),
(178, 456),
(179, 336),
(180, 283),
(181, 143),
(181, 229),
(182, 188),
(182, 194),
(183, 22),
(183, 275),
(184, 201),
(184, 424),
(185, 108),
(185, 187),
(185, 287),
(186, 88),
(186, 106),
(186, 108),
(186, 109),
(186, 179),
(186, 205),
(186, 274),
(186, 292),
(186, 354),
(186, 407),
(186, 478),
(188, 438),
(190, 271),
(190, 297),
(190, 299),
(190, 325),
(190, 326),
(190, 351),
(190, 412),
(191, 7),
(191, 122),
(191, 134),
(191, 275),
(192, 48),
(192, 194),
(193, 175),
(193, 205),
(193, 420),
(194, 275),
(194, 277),
(194, 299),
(194, 325),
(194, 352),
(197, 70),
(197, 124),
(197, 277),
(197, 289),
(197, 349),
(198, 4),
(198, 156),
(198, 160),
(198, 195),
(198, 296),
(198, 324),
(199, 31),
(199, 157),
(199, 262),
(199, 325),
(199, 390),
(199, 412),
(200, 229),
(200, 274),
(200, 407),
(201, 447),
(202, 106),
(202, 108),
(202, 455),
(203, 86),
(203, 93),
(203, 166),
(203, 218),
(203, 341),
(204, 36),
(204, 49),
(204, 108),
(204, 233),
(204, 291),
(204, 335),
(205, 296),
(205, 322),
(205, 332),
(206, 404),
(209, 85),
(210, 78),
(210, 361),
(210, 363),
(212, 51),
(212, 76),
(212, 85),
(212, 291),
(213, 396),
(214, 51),
(214, 135),
(214, 139),
(214, 274),
(214, 425),
(215, 20),
(215, 215),
(215, 275),
(215, 296),
(215, 299),
(215, 351),
(215, 352),
(215, 360),
(216, 128),
(216, 296),
(218, 299),
(218, 416),
(219, 77),
(219, 128),
(219, 205),
(219, 215),
(219, 296),
(220, 13),
(220, 26),
(220, 132),
(220, 299),
(221, 296),
(222, 23),
(222, 243),
(222, 291),
(222, 296),
(223, 53),
(223, 64),
(223, 158),
(223, 164),
(223, 218),
(223, 246),
(224, 148),
(224, 207),
(224, 274),
(224, 408),
(226, 119),
(226, 148),
(226, 226),
(227, 5),
(227, 205),
(227, 391),
(228, 126),
(228, 291),
(228, 296),
(228, 301),
(228, 406),
(229, 86),
(229, 340),
(229, 341),
(230, 173),
(230, 229),
(230, 243),
(230, 246),
(231, 106),
(231, 249),
(231, 296),
(232, 299),
(235, 421),
(235, 478),
(236, 166),
(236, 438),
(237, 148),
(238, 40),
(238, 65),
(238, 302),
(238, 437),
(239, 78),
(239, 157),
(239, 329),
(240, 243),
(240, 319),
(240, 478),
(241, 319),
(242, 238),
(242, 296),
(242, 394),
(243, 45),
(243, 64),
(245, 68),
(245, 85),
(245, 296),
(246, 106),
(247, 153),
(247, 296),
(249, 296),
(249, 299),
(251, 85),
(251, 296),
(251, 403),
(252, 22),
(252, 286),
(252, 316),
(252, 335),
(252, 336),
(252, 352),
(253, 296),
(253, 403),
(254, 85),
(254, 182),
(255, 205),
(255, 421),
(256, 136),
(256, 155),
(256, 199),
(256, 208),
(257, 64),
(257, 148),
(257, 306),
(258, 106),
(259, 68),
(259, 393),
(260, 12),
(260, 438),
(261, 146),
(261, 296),
(261, 319),
(261, 430),
(262, 302),
(262, 383),
(263, 146),
(263, 266),
(263, 311),
(263, 319),
(263, 471),
(265, 295),
(265, 306),
(266, 443),
(267, 299),
(268, 84),
(268, 116),
(268, 146),
(268, 367),
(269, 61),
(269, 80),
(269, 130),
(269, 367),
(269, 471),
(270, 116),
(270, 430),
(270, 471),
(271, 42),
(271, 382),
(271, 413),
(271, 438),
(272, 75),
(272, 241),
(272, 300),
(273, 81),
(273, 88),
(273, 193),
(273, 271),
(273, 274),
(273, 478),
(274, 157),
(275, 37),
(275, 138),
(277, 4),
(277, 226),
(277, 243),
(278, 21),
(278, 311),
(278, 331),
(278, 374),
(281, 47),
(281, 64),
(281, 210),
(281, 431),
(281, 437),
(282, 175),
(282, 217),
(282, 341),
(282, 446),
(283, 64),
(283, 299),
(284, 105),
(284, 108),
(284, 129),
(284, 222),
(284, 287),
(284, 290),
(285, 162),
(285, 163),
(285, 290),
(285, 296),
(286, 64),
(286, 128),
(286, 157),
(286, 218),
(287, 121),
(288, 110),
(288, 296),
(288, 306),
(288, 423),
(289, 71),
(289, 157),
(289, 325),
(289, 411),
(289, 433),
(292, 157),
(292, 288),
(292, 337),
(292, 411),
(294, 64),
(294, 245),
(295, 64),
(295, 147),
(295, 206),
(295, 218),
(295, 221),
(295, 322),
(296, 64),
(296, 108),
(296, 147),
(296, 287),
(297, 116),
(297, 174),
(297, 265),
(297, 366),
(297, 371),
(297, 381),
(297, 413),
(298, 64),
(298, 169),
(298, 263),
(298, 264),
(299, 169),
(300, 68),
(300, 120),
(300, 172),
(300, 296),
(300, 381),
(301, 17),
(301, 116),
(301, 127),
(301, 171),
(301, 395),
(302, 197),
(302, 267),
(302, 437),
(306, 157),
(306, 325),
(307, 299),
(307, 438),
(308, 77),
(308, 127),
(308, 296),
(309, 157),
(309, 411),
(309, 433),
(310, 157),
(310, 327),
(310, 387),
(310, 411),
(311, 322),
(311, 423),
(312, 58),
(312, 64),
(312, 169),
(312, 218),
(312, 417),
(313, 138),
(313, 155),
(315, 43),
(315, 108),
(315, 189),
(315, 205),
(315, 218),
(315, 321),
(317, 45),
(317, 160),
(317, 229),
(317, 296),
(318, 138),
(318, 218),
(318, 299),
(320, 138),
(320, 299),
(322, 25),
(322, 169),
(322, 201),
(322, 202),
(322, 218),
(323, 166),
(324, 296),
(324, 299),
(325, 69),
(325, 233),
(331, 49),
(331, 238),
(332, 153),
(333, 23),
(333, 106),
(333, 108),
(333, 178),
(333, 205),
(333, 243),
(334, 53),
(335, 138),
(335, 296),
(338, 2),
(338, 69),
(339, 114),
(339, 233),
(340, 205),
(340, 243),
(340, 286),
(340, 296),
(340, 351),
(341, 22),
(341, 106),
(341, 159),
(341, 236),
(341, 286),
(341, 352),
(342, 22),
(342, 29),
(342, 236),
(342, 286),
(342, 291),
(342, 362),
(343, 229),
(344, 2),
(344, 233),
(345, 155),
(345, 208),
(345, 229),
(345, 296),
(346, 58),
(346, 69),
(347, 85),
(347, 106),
(347, 153),
(347, 199),
(347, 321),
(348, 114),
(349, 114),
(350, 28),
(351, 280),
(351, 286),
(352, 280),
(352, 355),
(352, 369),
(352, 370),
(357, 170),
(357, 233),
(358, 149),
(358, 233),
(359, 233),
(360, 53),
(360, 233),
(362, 77),
(362, 91),
(362, 104),
(362, 296),
(363, 59),
(363, 296),
(367, 51),
(367, 64),
(368, 73),
(368, 173),
(368, 249),
(368, 296),
(368, 346),
(369, 8),
(370, 173),
(370, 296),
(370, 303),
(370, 346),
(371, 8),
(371, 442),
(372, 299),
(373, 82),
(373, 291),
(373, 296),
(373, 299),
(374, 108),
(374, 296),
(376, 103),
(376, 436),
(377, 434),
(380, 229),
(380, 323),
(380, 398),
(381, 153),
(381, 213),
(382, 68),
(382, 173),
(382, 229),
(383, 286),
(383, 299),
(384, 73),
(384, 86),
(384, 169),
(384, 173),
(384, 205),
(385, 30),
(385, 68),
(385, 173),
(385, 229),
(385, 296),
(388, 72),
(388, 148),
(388, 438),
(389, 63),
(389, 299),
(390, 57),
(390, 229),
(390, 315),
(390, 414),
(391, 64),
(391, 108),
(391, 169),
(391, 216),
(391, 328),
(391, 336),
(392, 286),
(393, 73),
(393, 155),
(393, 203),
(393, 249),
(393, 408),
(393, 416),
(394, 86),
(394, 285),
(394, 299),
(394, 330),
(394, 344),
(395, 86),
(395, 123),
(395, 204),
(395, 299),
(395, 333),
(396, 48),
(396, 353),
(397, 64),
(397, 86),
(397, 125),
(397, 137),
(399, 175),
(399, 182),
(399, 420),
(400, 106),
(400, 121),
(400, 286),
(401, 172),
(401, 296),
(401, 405),
(401, 457),
(402, 379),
(402, 444),
(403, 32),
(403, 73),
(403, 121),
(403, 404),
(404, 435),
(405, 435),
(406, 75),
(406, 291),
(406, 296),
(406, 415),
(406, 419),
(407, 64),
(407, 86),
(407, 218),
(407, 344),
(408, 64),
(408, 121),
(408, 128),
(408, 169),
(408, 388),
(409, 296),
(409, 302),
(411, 68),
(411, 92),
(411, 173),
(413, 85),
(413, 317),
(414, 201),
(414, 217),
(414, 229),
(414, 243),
(415, 153),
(415, 248),
(416, 216),
(416, 296),
(416, 299),
(418, 78),
(418, 92),
(418, 241),
(419, 49),
(419, 213),
(420, 67),
(420, 126),
(420, 299),
(420, 423),
(421, 85),
(421, 126),
(421, 229),
(421, 296),
(421, 422),
(422, 14),
(422, 121),
(422, 190),
(422, 215),
(422, 287),
(422, 296),
(422, 423),
(423, 215),
(425, 34),
(425, 67),
(425, 126),
(425, 299),
(425, 392),
(426, 51),
(426, 52),
(426, 106),
(426, 128),
(426, 169),
(427, 144),
(427, 148),
(427, 172),
(427, 295),
(427, 338),
(428, 99),
(428, 192),
(431, 215),
(431, 218),
(431, 281),
(432, 64),
(432, 128),
(432, 260),
(432, 388),
(433, 85),
(433, 157),
(433, 302),
(433, 303),
(434, 435),
(434, 444),
(435, 76),
(435, 190),
(435, 205),
(435, 296),
(436, 153),
(437, 130),
(437, 275),
(438, 203),
(438, 286),
(439, 78),
(439, 153),
(440, 80),
(440, 157),
(441, 275),
(441, 381),
(442, 261),
(442, 296),
(443, 24),
(443, 183),
(443, 291),
(443, 296),
(443, 457),
(444, 76),
(444, 157),
(444, 216),
(444, 243),
(444, 276),
(444, 296),
(450, 41),
(451, 78),
(451, 203),
(452, 103),
(452, 148),
(452, 229),
(452, 314),
(454, 41),
(454, 233),
(455, 108),
(455, 163),
(455, 229),
(456, 192),
(456, 299),
(457, 64),
(457, 286),
(458, 64),
(459, 58),
(459, 318),
(460, 2),
(460, 140),
(460, 364),
(462, 93),
(463, 132),
(463, 424),
(464, 157),
(464, 163),
(465, 200),
(466, 108),
(466, 438),
(468, 471),
(469, 169),
(469, 229),
(469, 287),
(469, 321),
(469, 323),
(470, 77),
(470, 113),
(470, 243),
(470, 296),
(471, 85),
(471, 106),
(472, 49),
(472, 408),
(474, 64),
(475, 64),
(475, 78),
(475, 299),
(477, 378),
(478, 64),
(479, 64),
(480, 175),
(480, 184),
(480, 215),
(480, 343),
(482, 108),
(482, 393),
(484, 276),
(484, 306),
(486, 50),
(486, 64),
(486, 86),
(486, 296),
(487, 125),
(487, 439),
(489, 103),
(490, 64),
(490, 86),
(490, 125),
(490, 243),
(490, 323),
(491, 45),
(491, 199),
(491, 205),
(491, 243),
(492, 64),
(492, 155),
(492, 229),
(492, 237),
(492, 243),
(493, 86),
(493, 201),
(493, 215),
(494, 51),
(494, 205),
(494, 237),
(494, 356),
(497, 43),
(497, 121),
(497, 302),
(497, 351),
(497, 478),
(501, 299),
(501, 365),
(502, 64),
(502, 86),
(502, 137),
(502, 157),
(502, 205),
(503, 13),
(503, 43),
(503, 113),
(503, 121),
(503, 141),
(503, 305),
(504, 88),
(504, 106),
(504, 215),
(504, 272),
(504, 305),
(504, 478),
(505, 226),
(505, 243),
(505, 296),
(505, 404),
(506, 14),
(506, 44),
(506, 131),
(506, 215),
(506, 243),
(507, 299),
(507, 440),
(508, 92),
(508, 190),
(508, 231),
(508, 401),
(509, 157),
(509, 205),
(509, 437),
(510, 45),
(510, 166),
(510, 190),
(511, 121),
(511, 253),
(512, 106),
(512, 229),
(512, 296),
(512, 317),
(512, 323),
(513, 67),
(513, 106),
(513, 110),
(513, 131),
(513, 282),
(514, 225),
(514, 274),
(515, 75),
(515, 78),
(515, 108),
(515, 169),
(515, 216),
(515, 321),
(516, 44),
(516, 128),
(516, 180),
(516, 205),
(517, 153),
(517, 163),
(517, 166),
(518, 67),
(518, 89),
(519, 60),
(519, 187),
(519, 239),
(519, 296),
(520, 14),
(520, 106),
(520, 205),
(520, 243),
(520, 317),
(520, 354),
(523, 34),
(523, 131),
(523, 229),
(523, 231),
(523, 296),
(524, 50),
(524, 64),
(524, 86),
(524, 169),
(525, 199),
(525, 229),
(525, 274),
(525, 296),
(525, 407),
(526, 64),
(526, 169),
(526, 344),
(526, 450),
(527, 85),
(527, 229),
(527, 306),
(528, 254),
(528, 266),
(528, 319),
(528, 384),
(529, 166),
(530, 64),
(530, 115),
(530, 128),
(531, 64),
(531, 204),
(531, 218),
(531, 446),
(532, 55),
(532, 176),
(533, 153),
(533, 184),
(533, 220),
(533, 351),
(534, 51),
(534, 106),
(534, 108),
(534, 286),
(534, 351),
(534, 423),
(535, 64),
(535, 76),
(535, 108),
(535, 241),
(535, 472),
(536, 10),
(536, 205),
(536, 275),
(537, 207),
(537, 228),
(537, 229),
(537, 296),
(537, 407),
(537, 478),
(538, 2),
(538, 85),
(538, 179),
(538, 199),
(538, 278),
(538, 372),
(538, 408),
(539, 38),
(539, 45),
(539, 169),
(539, 229),
(539, 287),
(539, 321),
(540, 274),
(540, 305),
(540, 326),
(541, 275),
(541, 277),
(541, 305),
(541, 325),
(541, 451),
(546, 201),
(546, 205),
(546, 274),
(546, 342),
(546, 400),
(547, 49),
(547, 106),
(547, 108),
(547, 131),
(547, 286),
(547, 296),
(548, 49),
(548, 106),
(548, 131),
(548, 169),
(548, 218),
(548, 219),
(549, 86),
(549, 191),
(549, 205),
(549, 218),
(549, 296),
(549, 332),
(550, 88),
(550, 103),
(550, 155),
(550, 226),
(550, 416),
(550, 478),
(551, 51),
(551, 76),
(551, 86),
(551, 201),
(551, 205),
(554, 49),
(554, 286),
(556, 157),
(556, 286),
(557, 7),
(557, 133),
(557, 134),
(557, 157),
(557, 274),
(558, 64),
(558, 92),
(558, 169),
(558, 205),
(561, 165),
(561, 177),
(561, 180),
(561, 182),
(561, 454),
(562, 64),
(562, 147),
(562, 181),
(562, 205),
(562, 274),
(562, 400),
(563, 179),
(563, 243),
(563, 299),
(563, 400),
(563, 408),
(564, 73),
(564, 130),
(564, 228),
(564, 229),
(564, 309),
(565, 73),
(565, 95),
(565, 296),
(565, 319),
(565, 359),
(566, 230),
(566, 291),
(566, 296),
(566, 378),
(566, 415),
(566, 419),
(567, 142),
(567, 226),
(567, 241),
(567, 247),
(567, 249),
(567, 414),
(569, 121),
(569, 286),
(570, 13),
(570, 215),
(575, 55),
(575, 88),
(575, 155),
(575, 265),
(575, 274),
(575, 381),
(575, 478),
(578, 96),
(578, 265),
(578, 381),
(578, 413),
(581, 30),
(581, 92),
(581, 104),
(581, 229),
(581, 384),
(582, 155),
(582, 181),
(582, 255),
(582, 296),
(582, 400),
(582, 408),
(583, 30),
(583, 151),
(583, 152),
(583, 226),
(583, 229),
(584, 64),
(584, 151),
(584, 152),
(584, 205),
(584, 296),
(585, 153),
(585, 243),
(586, 121),
(586, 246),
(586, 384),
(589, 34),
(589, 108),
(589, 178),
(589, 312),
(590, 22),
(590, 108),
(590, 178),
(590, 321),
(590, 352),
(591, 7),
(591, 133),
(591, 134),
(591, 275),
(591, 299),
(591, 351),
(591, 352),
(592, 135),
(592, 175),
(593, 172),
(593, 176),
(593, 296),
(596, 64),
(596, 147),
(597, 64),
(597, 86),
(597, 132),
(597, 157),
(597, 182),
(598, 38),
(598, 45),
(598, 77),
(598, 172),
(598, 295),
(599, 22),
(599, 166),
(599, 201),
(601, 36),
(601, 200),
(602, 64),
(602, 275),
(603, 64),
(603, 86),
(603, 169),
(603, 205),
(603, 302),
(604, 67),
(604, 176),
(604, 296),
(607, 3),
(607, 103),
(607, 142),
(607, 151),
(607, 155),
(607, 279),
(607, 302),
(607, 416),
(608, 155),
(608, 172),
(608, 274),
(608, 416),
(609, 199),
(609, 203),
(609, 228),
(609, 229),
(609, 296),
(609, 408),
(612, 68),
(612, 155),
(612, 172),
(612, 302),
(612, 408),
(612, 438),
(613, 68),
(613, 157),
(613, 172),
(613, 438),
(614, 86),
(614, 108),
(614, 286),
(614, 444),
(615, 13),
(615, 132),
(615, 312),
(615, 423),
(618, 175),
(618, 205),
(618, 258),
(618, 344),
(619, 64),
(619, 147),
(619, 270),
(620, 64),
(620, 74),
(620, 86),
(620, 169),
(621, 148),
(621, 154),
(621, 155),
(621, 226),
(622, 155),
(622, 229),
(622, 249),
(622, 265),
(622, 384),
(623, 106),
(623, 125),
(623, 190),
(623, 227),
(624, 47),
(624, 128),
(624, 169),
(625, 64),
(625, 86),
(625, 224),
(625, 432),
(625, 454),
(626, 64),
(626, 86),
(626, 125),
(626, 182),
(626, 217),
(627, 64),
(627, 68),
(627, 108),
(627, 128),
(627, 404),
(628, 13),
(628, 112),
(628, 243),
(628, 299),
(628, 428),
(629, 13),
(629, 85),
(629, 112),
(629, 190),
(629, 428),
(630, 78),
(630, 247),
(630, 291),
(630, 319),
(630, 359),
(632, 30),
(632, 105),
(632, 106),
(632, 251),
(632, 352),
(633, 64),
(633, 108),
(633, 169),
(633, 287),
(633, 296),
(634, 5),
(634, 11),
(634, 64),
(634, 106),
(634, 273),
(634, 299),
(634, 332),
(638, 84),
(638, 146),
(638, 275),
(639, 106),
(639, 108),
(639, 128),
(639, 343);

-- --------------------------------------------------------

--
-- Table structure for table `Stations`
--

CREATE TABLE `Stations` (
  `ID` int(11) NOT NULL,
  `name` varchar(50) COLLATE utf8_unicode_ci NOT NULL,
  `longitude` double DEFAULT NULL,
  `latitude` double DEFAULT NULL,
  `metro` bit(1) DEFAULT NULL,
  `bus` bit(1) DEFAULT NULL,
  `centric` bit(1) DEFAULT NULL,
  `buses_count` int(11) DEFAULT NULL
) ENGINE=InnoDB DEFAULT CHARSET=utf8 COLLATE=utf8_unicode_ci;

--
-- Dumping data for table `Stations`
--

INSERT INTO `Stations` (`ID`, `name`, `longitude`, `latitude`, `metro`, `bus`, `centric`, `buses_count`) VALUES
(1, '10 رمضان', 31.270651, 30.091434, b'0', b'1', b'0', 1),
(2, '15 مايو', 31.342726, 29.890785, b'0', b'1', b'0', 5),
(3, '15 مايو بشبرا', 31.245349, 30.085551, b'0', b'1', b'0', 2),
(4, '23 يوليو', 31.346998, 30.16655, b'0', b'1', b'0', 4),
(5, 'أبو الريش', 31.234914, 30.029485, b'0', b'1', b'0', 6),
(6, 'أبو الريش الجديدة', 31.23569, 30.026773, b'0', b'1', b'0', 1),
(7, 'أبو الغيط', 31.205175, 30.080577, b'0', b'1', b'0', 3),
(8, 'أبو الفدا', 31.218052, 30.069179, b'0', b'1', b'0', 2),
(9, 'أبو النمرس', 31.219709, 29.95171, b'0', b'1', b'0', 1),
(10, 'أبو الهول', 31.477039, 29.987835, b'0', b'1', b'0', 1),
(11, 'أبو رواش', 31.284336, 30.082279, b'0', b'1', b'0', 2),
(12, 'أبو زعبل', 31.352239, 30.241521, b'0', b'1', b'0', 1),
(13, 'أبو وافيه', 31.256471, 30.091592, b'0', b'1', b'0', 11),
(14, 'أحمد حلمى', 31.255834, 30.086249, b'0', b'1', b'0', 5),
(15, 'أسعاف', 31.209613, 30.010753, b'1', b'1', b'0', 1),
(16, 'أكاديمية الشرطة', 31.417184, 30.046062, b'0', b'1', b'0', 1),
(17, 'أكاديمية مبارك', 31.499385, 30.018889, b'0', b'1', b'0', 1),
(18, 'أم خنان', 31.248329, 29.912983, b'0', b'1', b'0', 1),
(19, 'إبراهيم بك', 31.254104, 30.042088, b'0', b'1', b'0', 1),
(20, 'ابو العلا', 31.256499, 30.08012, b'0', b'1', b'0', 2),
(21, 'ابوبكر الصديق', 31.258755, 30.103605, b'0', b'1', b'0', 1),
(22, 'اثر النبي', 31.232589, 29.98865, b'0', b'1', b'0', 6),
(23, 'احمد', 31.264586, 30.023968, b'0', b'1', b'0', 2),
(24, 'احمد الزمر', 31.360207, 30.047071, b'0', b'1', b'0', 1),
(25, 'احمد الزيات', 31.204166, 30.032088, b'0', b'1', b'0', 2),
(26, 'احمد بدوى', 31.248389, 30.068008, b'0', b'1', b'0', 1),
(27, 'احمد تيسير', 31.327192, 30.076127, b'0', b'1', b'0', 1),
(28, 'احمد حلمي 15', 31.248273, 30.0652, b'0', b'1', b'0', 1),
(29, 'احمد زكى', 31.281558, 30.080353, b'0', b'1', b'0', 1),
(30, 'احمد سعيد', 31.272474, 30.06489, b'0', b'1', b'0', 4),
(31, 'احمد عرابي', 31.273435, 30.099573, b'0', b'1', b'0', 1),
(32, 'احمد عصمت', 31.332279, 30.125621, b'0', b'1', b'0', 1),
(33, 'احمد فخرى', 31.349032, 30.065465, b'0', b'1', b'0', 1),
(34, 'احمد ماهر', 31.255229, 30.043414, b'0', b'1', b'0', 4),
(35, 'الأباجية', 31.296967, 30.006827, b'0', b'1', b'0', 1),
(36, 'الأزهر', 31.319745, 30.066737, b'0', b'1', b'0', 3),
(37, 'الألف مسكن', 31.254663, 30.088318, b'0', b'1', b'0', 3),
(38, 'الأميرية', 31.300073, 30.110384, b'0', b'1', b'0', 2),
(39, 'الإباجية', 31.296967, 30.006827, b'0', b'1', b'0', 1),
(40, 'الإسعاف', 31.209613, 30.010753, b'0', b'1', b'0', 1),
(41, 'الاخصاص', 31.219711, 30.070206, b'0', b'1', b'0', 2),
(42, 'الاسكندريه', 30.000001, 31.253315, b'0', b'1', b'0', 2),
(43, 'الامام الشافعى', 31.265676, 30.011892, b'0', b'1', b'0', 4),
(44, 'الامام الليثى', 31.256152, 30.020136, b'0', b'1', b'0', 2),
(45, 'الاميريه', 31.300073, 30.110384, b'0', b'1', b'0', 6),
(46, 'الاوتوستراد', 31.289084, 29.982012, b'0', b'1', b'0', 1),
(47, 'البدرشين', 31.242024, 30.036675, b'0', b'1', b'0', 3),
(48, 'البراجيل', 31.177195, 30.077826, b'0', b'1', b'0', 2),
(49, 'البساتين', 31.279803, 29.974946, b'0', b'1', b'0', 12),
(50, 'البطل احمد عبد العزيز', 31.207003, 30.052648, b'0', b'1', b'0', 2),
(51, 'البعوث', 31.276529, 30.05623, b'0', b'1', b'0', 9),
(52, 'البعوث الاسلاميه', 31.276529, 30.05623, b'0', b'1', b'0', 1),
(53, 'التبين', 31.302688, 29.781618, b'0', b'1', b'0', 3),
(54, 'التجمع الخامس', 31.428476, 30.008487, b'0', b'1', b'0', 1),
(55, 'التجنيد', 31.3111, 30.0908, b'0', b'1', b'0', 2),
(56, 'التونسى', 31.265347, 30.011307, b'0', b'1', b'0', 1),
(57, 'الثورة', 31.278005, 30.103557, b'0', b'1', b'0', 1),
(58, 'الجامعة', 31.278478, 30.03923, b'1', b'1', b'0', 7),
(59, 'الجبرتي', 31.307296, 30.088315, b'0', b'1', b'0', 1),
(60, 'الجبل الأحمر', 31.231566, 30.000457, b'0', b'1', b'0', 1),
(61, 'الجبل الأصفر', 31.355524, 30.201379, b'0', b'1', b'0', 1),
(62, 'الجلاء', 31.243105, 30.1003, b'0', b'1', b'0', 1),
(63, 'الجو لف', 31.328429, 30.079084, b'0', b'1', b'0', 1),
(64, 'الجيزة', 31.235712, 30.04442, b'1', b'1', b'1', 56),
(65, 'الجيزة ( كلية الزراعة )', 31.208056, 30.018138, b'0', b'1', b'0', 1),
(66, 'الجيزة دائري', 31.248244, 30.144171, b'0', b'1', b'0', 1),
(67, 'الجيش', 31.259121, 30.056411, b'1', b'1', b'0', 7),
(68, 'الحجاز', 31.1987, 30.055408, b'0', b'1', b'0', 14),
(69, 'الحديد والصلب', 31.242339, 30.050456, b'0', b'1', b'0', 3),
(70, 'الحزانيه', 31.232009, 30.045917, b'0', b'1', b'0', 2),
(71, 'الحصة', 31.189879, 30.403372, b'0', b'1', b'0', 1),
(72, 'الحكم', 31.425062, 30.158713, b'0', b'1', b'0', 2),
(73, 'الحلمية', 31.254827, 30.035918, b'0', b'1', b'0', 8),
(74, 'الحوامدية', 31.256914, 29.908129, b'0', b'1', b'0', 1),
(75, 'الحى الثامن', 31.358113, 30.059527, b'0', b'1', b'0', 4),
(76, 'الحى السابع', 31.326999, 30.046989, b'0', b'1', b'0', 8),
(77, 'الحى السادس', 31.465614, 30.208811, b'0', b'1', b'0', 7),
(78, 'الحي العاشر', 31.388467, 30.024263, b'0', b'1', b'0', 9),
(79, 'الحي العباسية', 31.271445, 30.065008, b'0', b'1', b'0', 1),
(80, 'الخانكة', 31.357022, 30.13385, b'0', b'1', b'0', 2),
(81, 'الخلفاوى', 31.281453, 30.097481, b'1', b'1', b'0', 1),
(82, 'الخليفة القاهر', 31.25189, 30.027027, b'0', b'1', b'0', 1),
(83, 'الخيالة', 31.257, 29.999387, b'0', b'1', b'0', 1),
(84, 'الدائري', 31.418979, 30.06189, b'0', b'1', b'0', 2),
(85, 'الدراسة', 31.271718, 30.048456, b'0', b'1', b'1', 18),
(86, 'الدقى', 31.211411, 30.038223, b'1', b'1', b'1', 26),
(87, 'الدقى التحرير', 31.231719, 30.043927, b'0', b'1', b'0', 1),
(88, 'الدوران', 31.24261, 30.08936, b'0', b'1', b'0', 7),
(89, 'الدويقة', 31.235712, 30.04442, b'0', b'1', b'0', 2),
(90, 'الدويقة الجديدة', 31.314263, 30.007835, b'0', b'1', b'0', 1),
(91, 'الزاوية', 31.235712, 30.04442, b'0', b'1', b'0', 1),
(92, 'الزاوية الحمراء', 31.268509, 30.090867, b'0', b'1', b'0', 7),
(93, 'الزمالك', 31.219709, 30.060942, b'0', b'1', b'0', 4),
(94, 'الزهويين', 31.232009, 30.045917, b'0', b'1', b'0', 1),
(95, 'الزيتون', 31.302688, 30.10406, b'0', b'1', b'0', 1),
(96, 'السادات', 31.250373, 30.034197, b'0', b'1', b'0', 1),
(97, 'السد', 31.2882, 30.083708, b'0', b'1', b'0', 1),
(98, 'السد العالي', 31.262256, 30.080906, b'0', b'1', b'0', 1),
(99, 'السكاكنيى', 31.266213, 30.063657, b'0', b'1', b'0', 1),
(100, 'السلام', 31.27604, 30.102482, b'0', b'1', b'0', 1),
(101, 'السلام الاسكندريه', 30.010722, 31.269488, b'0', b'1', b'0', 1),
(102, 'السلطان برقوق', 31.25559, 30.032327, b'0', b'1', b'0', 1),
(103, 'السواح', 31.291976, 30.105334, b'0', b'1', b'0', 8),
(104, 'مصر والسودان', 31.278838, 30.079308, b'0', b'1', b'0', 8),
(105, 'السيدة', 31.241118, 30.032088, b'0', b'1', b'0', 6),
(106, 'السيدة زينب', 31.246284, 29.995444, b'1', b'1', b'1', 27),
(107, 'السيدة زينب للانفاق', 31.272815, 30.089673, b'0', b'1', b'0', 1),
(108, 'السيدة عائشة', 31.259097, 30.090328, b'0', b'1', b'1', 30),
(109, 'السيدة عائشة كلية البنات الإسل', 31.311332, 30.0625, b'0', b'1', b'0', 1),
(110, 'السيدة نفيسة', 31.247192, 30.022537, b'0', b'1', b'0', 3),
(111, 'الشارع الجديد', 31.287838, 30.130741, b'0', b'1', b'0', 1),
(112, 'الشرابية', 31.259775, 30.076397, b'0', b'1', b'0', 2),
(113, 'الشيخ رمضان', 31.25505, 30.093259, b'0', b'1', b'0', 3),
(114, 'الصف', 31.296967, 29.632061, b'0', b'1', b'0', 3),
(115, 'الطالبية', 31.277196, 29.973941, b'0', b'1', b'0', 1),
(116, 'الطريق الدائري', 31.418979, 30.06189, b'0', b'1', b'0', 4),
(117, 'الطريق الزراعى', 30.750244, 30.81286, b'0', b'1', b'0', 1),
(118, 'الطوب الرملى', 31.363353, 30.041387, b'0', b'1', b'0', 1),
(119, 'الطيران', 31.32465, 30.067425, b'0', b'1', b'0', 6),
(120, 'العبور', 31.479895, 30.228341, b'0', b'1', b'0', 1),
(121, 'العتبة', 31.246803, 30.052346, b'1', b'1', b'1', 17),
(122, 'العتبة المنعم رياض', 31.249586, 30.135682, b'0', b'1', b'0', 1),
(123, 'العشرين', 31.184223, 30.027428, b'0', b'1', b'0', 1),
(124, 'العطارة', 31.247556, 30.05665, b'0', b'1', b'0', 1),
(125, 'العمرانية', 31.235712, 30.04442, b'0', b'1', b'0', 6),
(126, 'الفردوس', 31.276608, 30.059, b'0', b'1', b'0', 4),
(127, 'القاهرة الجديدة', 31.491318, 30.007413, b'0', b'1', b'0', 2),
(128, 'القصر العينى', 31.22758, 30.030924, b'0', b'1', b'0', 15),
(129, 'القطامية', 31.479145, 29.965134, b'0', b'1', b'0', 1),
(130, 'القلج', 31.353387, 30.178888, b'0', b'1', b'0', 3),
(131, 'القلعة', 31.260817, 30.029891, b'0', b'1', b'0', 9),
(132, 'القللى', 31.240817, 30.062217, b'0', b'1', b'0', 6),
(133, 'القناطر', 31.235712, 30.04442, b'0', b'1', b'0', 4),
(134, 'القناطر الخيرية', 31.235712, 30.04442, b'0', b'1', b'0', 4),
(135, 'القومية العربية', 31.268387, 30.093857, b'0', b'1', b'0', 3),
(136, 'الكابلات', 31.295689, 30.114241, b'0', b'1', b'0', 3),
(137, 'الكنيسة', 31.287001, 30.082515, b'0', b'1', b'0', 2),
(138, 'الماظة', 31.341473, 30.083436, b'0', b'1', b'0', 7),
(139, 'المبيضة', 31.240459, 30.079532, b'0', b'1', b'0', 1),
(140, 'المجاورات', 31.605824, 30.120823, b'0', b'1', b'0', 1),
(141, 'المجزر الالى', 31.270504, 29.999822, b'0', b'1', b'0', 1),
(142, 'المحكمة', 31.230266, 30.06095, b'0', b'1', b'0', 3),
(143, 'المخبز الالى', 31.410125, 30.179293, b'0', b'1', b'0', 3),
(144, 'المدينة', 31.235712, 30.04442, b'0', b'1', b'0', 1),
(145, 'المدينة ألجامعيه', 31.279018, 30.035853, b'0', b'1', b'0', 1),
(146, 'المرج', 31.33573, 30.152102, b'1', b'1', b'0', 7),
(147, 'المريوطية', 31.23593, 30.057522, b'0', b'1', b'0', 6),
(148, 'المسلة', 31.30927, 30.13125, b'0', b'1', b'0', 15),
(149, 'المشروع', 31.197862, 30.082293, b'0', b'1', b'0', 1),
(150, 'المصنع الحربي', 31.190403, 30.462673, b'0', b'1', b'0', 1),
(151, 'المطار', 31.379042, 30.107684, b'0', b'1', b'0', 6),
(152, 'المطار الجديد', 31.348445, 30.112752, b'0', b'1', b'0', 2),
(153, 'المطبعة', 31.222279, 30.078856, b'0', b'1', b'0', 12),
(154, 'المطراوى', 31.267504, 29.979934, b'0', b'1', b'0', 1),
(155, 'المطرية', 31.310329, 30.131217, b'1', b'1', b'1', 18),
(156, 'المطرية المعرض', 31.286748, 30.117173, b'0', b'1', b'0', 1),
(157, 'المظلات', 31.245589, 30.104064, b'1', b'1', b'1', 27),
(158, 'المعادى', 31.276942, 29.962696, b'1', b'1', b'0', 2),
(159, 'المعادى الجديدة', 31.331137, 30.086061, b'0', b'1', b'0', 1),
(160, 'المعرض', 31.222922, 30.061383, b'0', b'1', b'0', 2),
(161, 'المعصرة', 31.240094, 30.129858, b'1', b'1', b'0', 1),
(162, 'المقابر', 31.251059, 30.020252, b'0', b'1', b'0', 1),
(163, 'المقطم', 31.332582, 30.006124, b'0', b'1', b'0', 6),
(164, 'الملك الصالح', 31.226783, 30.012647, b'1', b'1', b'0', 2),
(165, 'الملك فيصل', 31.245797, 30.142646, b'0', b'1', b'0', 2),
(166, 'المماليك', 31.271058, 30.04345, b'0', b'1', b'0', 8),
(167, 'المماليك القصر العيني', 31.271058, 30.04345, b'0', b'1', b'0', 1),
(168, 'المنوات', 31.254274, 29.932032, b'0', b'1', b'0', 1),
(169, 'المنيب', 31.242808, 30.094701, b'1', b'1', b'1', 27),
(170, 'الموظفين', 32.264324, 30.588511, b'0', b'1', b'0', 1),
(171, 'الميثاق', 31.260759, 30.082539, b'0', b'1', b'0', 1),
(172, 'النزهة', 31.268625, 30.065949, b'0', b'1', b'0', 12),
(173, 'النزهة الجديدة', 31.343103, 30.099782, b'0', b'1', b'0', 8),
(174, 'النهضة', 31.439904, 30.171561, b'0', b'1', b'0', 6),
(175, 'النيل', 31.235712, 30.04442, b'0', b'1', b'0', 11),
(176, 'الهايكستب', 31.388598, 30.137407, b'0', b'1', b'0', 3),
(177, 'الهرم', 31.205347, 30.010931, b'0', b'1', b'0', 1),
(178, 'الهضبة الوسطي', 31.316989, 29.993756, b'0', b'1', b'0', 3),
(179, 'الوايلى', 31.282664, 30.070369, b'0', b'1', b'0', 4),
(180, 'الوحدة', 31.256539, 30.135375, b'0', b'1', b'0', 2),
(181, 'الوحدة العربية', 31.268483, 30.092821, b'0', b'1', b'0', 2),
(182, 'الوراق', 31.235712, 30.04442, b'0', b'1', b'0', 6),
(183, 'الوفاء والأمل', 31.351304, 30.02109, b'0', b'1', b'0', 5),
(184, 'امبابة', 31.235712, 30.04442, b'0', b'1', b'0', 6),
(185, 'امبابة عا ة', 31.235712, 30.04442, b'0', b'1', b'0', 1),
(186, 'امتداد', 31.511306, 30.061793, b'0', b'1', b'0', 1),
(187, 'امتداد رمسيس', 31.291162, 30.069174, b'0', b'1', b'0', 6),
(188, 'اوسيم', 31.235712, 30.04442, b'0', b'1', b'0', 1),
(189, 'اول المنيل', 31.224749, 30.01497, b'0', b'1', b'0', 1),
(190, 'باب الشعرية', 31.252996, 30.055391, b'0', b'1', b'0', 7),
(191, 'باب اللوق', 31.240459, 30.047039, b'0', b'1', b'0', 1),
(192, 'باب الوزير', 31.259934, 30.036453, b'0', b'1', b'0', 2),
(193, 'باسوس', 31.215951, 30.133802, b'0', b'1', b'0', 1),
(194, 'بشتيل', 31.197383, 30.078074, b'0', b'1', b'0', 2),
(195, 'بلقس', 29.930947, 31.194784, b'0', b'1', b'0', 1),
(196, 'بنها', 31.268955, 30.091895, b'0', b'1', b'0', 1),
(197, 'بنى مجدول', 31.117857, 30.045228, b'0', b'1', b'0', 1),
(198, 'بهتيم عباسية', 31.271445, 30.065008, b'0', b'1', b'0', 1),
(199, 'بورسعيد', 31.254803, 30.047934, b'0', b'1', b'0', 10),
(200, 'بولاق', 31.231158, 30.063132, b'0', b'1', b'0', 3),
(201, 'بولاق الدكرور', 31.235712, 30.04442, b'0', b'1', b'0', 12),
(202, 'بولاق الدكرور الدراسة', 31.189566, 30.037814, b'0', b'1', b'0', 1),
(203, 'بيجام', 31.254052, 30.129873, b'0', b'1', b'0', 4),
(204, 'بين السرايات', 31.283169, 30.066398, b'0', b'1', b'0', 3),
(205, 'تحرير', 31.232422, 30.044034, b'1', b'1', b'1', 33),
(206, 'ترسا', 31.199671, 29.964768, b'0', b'1', b'0', 1),
(207, 'ترعة الإسماعيلية', 31.248569, 30.107618, b'0', b'1', b'0', 3),
(208, 'ترعة الجبل', 31.279045, 30.078525, b'0', b'1', b'0', 2),
(209, 'ترعة السواحل', 31.214032, 30.104612, b'0', b'1', b'0', 1),
(210, 'ترعة المريوطية', 31.1509, 29.9883, b'0', b'1', b'0', 1),
(211, 'ترعة المنصورية', 31.269221, 30.050748, b'0', b'1', b'0', 1),
(212, 'ترعة جزيرة بدران', 31.234576, 30.074158, b'0', b'1', b'0', 1),
(213, 'ثكنات المعادى', 31.26297, 29.953322, b'1', b'1', b'0', 2),
(214, 'جامع', 31.248534, 30.042026, b'0', b'1', b'0', 1),
(215, 'جامع عمرو', 31.230475, 30.011973, b'0', b'1', b'1', 17),
(216, 'جامعة الازهر', 31.319745, 30.066737, b'0', b'1', b'0', 5),
(217, 'جامعة الدول العربية', 31.200821, 30.052076, b'0', b'1', b'0', 5),
(218, 'جامعة القاهرة', 31.211383, 30.02242, b'1', b'1', b'1', 23),
(219, 'جامعة جيزة', 31.206815, 30.022395, b'0', b'1', b'0', 1),
(220, 'جامعه', 31.278478, 30.03923, b'0', b'1', b'0', 1),
(221, 'جامعه دائري', 31.289039, 30.121127, b'0', b'1', b'0', 1),
(222, 'جراج القطامية', 31.420986, 29.974038, b'0', b'1', b'0', 1),
(223, 'جراج المستقبل', 31.301212, 30.092937, b'0', b'1', b'0', 1),
(224, 'جزيرة العرب', 31.199285, 30.054341, b'0', b'1', b'0', 1),
(225, 'جزيرة محمد', 31.202534, 30.117446, b'0', b'1', b'0', 2),
(226, 'جسر السويس', 31.314828, 30.09886, b'0', b'1', b'0', 10),
(227, 'جيزه', 31.208853, 30.013056, b'0', b'1', b'0', 1),
(228, 'حدائق', 31.271935, 30.077743, b'0', b'1', b'0', 3),
(229, 'حدائق القبة', 31.282664, 30.085959, b'1', b'1', b'1', 34),
(230, 'حدائق النصر', 31.265435, 30.103307, b'0', b'1', b'0', 1),
(231, 'حدائق زينهم', 31.24976, 30.023145, b'0', b'1', b'0', 3),
(232, 'حسن صبرى', 31.219747, 30.055925, b'0', b'1', b'0', 1),
(233, 'حلوان', 31.336853, 29.848319, b'1', b'1', b'0', 12),
(234, 'حوامديه', 31.256914, 29.908129, b'0', b'1', b'0', 1),
(235, 'خضر التونى', 31.321652, 30.075453, b'0', b'1', b'0', 1),
(236, 'دار السلام', 31.254052, 29.989515, b'1', b'1', b'0', 2),
(237, 'دقى', 31.248312, 30.089978, b'0', b'1', b'0', 2),
(238, 'دوران شبرا', 31.24261, 30.08936, b'0', b'1', b'0', 5),
(239, 'رئاسة الهيئة', 31.312741, 30.089878, b'0', b'1', b'0', 1),
(240, 'رابعة', 31.257835, 30.138008, b'0', b'1', b'0', 1),
(241, 'رابعة العدوية', 31.321994, 30.068443, b'0', b'1', b'0', 5),
(242, 'ربيع الجيزى', 31.246562, 30.051224, b'0', b'1', b'0', 1),
(243, 'رمسيس', 31.25891, 30.066109, b'1', b'1', b'1', 33),
(244, 'روض الفرج.', 31.236882, 30.072025, b'0', b'1', b'0', 1),
(245, 'زاوية أبو مسلم', 31.299747, 30.121494, b'0', b'1', b'0', 1),
(246, 'زنين', 31.239204, 30.026409, b'0', b'1', b'0', 5),
(247, 'زهراء', 31.243679, 30.101095, b'0', b'1', b'0', 5),
(248, 'زهراء المعادى', 31.303188, 29.961978, b'1', b'1', b'0', 2),
(249, 'زهراء عين شمس', 31.329603, 30.130341, b'0', b'1', b'0', 7),
(250, 'زهراء م . نصر', 31.335153, 30.063403, b'0', b'1', b'0', 1),
(251, 'زهراء مصر القديمة', 31.235139, 29.999406, b'0', b'1', b'0', 1),
(252, 'زينب', 31.239103, 30.032403, b'0', b'1', b'0', 1),
(253, 'ساقية مكي', 31.21516, 29.994249, b'0', b'1', b'0', 1),
(254, 'سبيكو', 31.413023, 30.180607, b'0', b'1', b'0', 1),
(255, 'سراى القبة', 31.282664, 30.085959, b'0', b'1', b'0', 2),
(256, 'سعد سليم', 31.253644, 30.104969, b'0', b'1', b'0', 1),
(257, 'سفير', 31.213884, 30.035321, b'0', b'1', b'0', 1),
(258, 'سقيل', 31.281498, 30.075652, b'0', b'1', b'0', 1),
(259, 'سليم الأول', 31.313751, 30.107892, b'0', b'1', b'0', 1),
(260, 'سنترال العمرانية', 31.191235, 29.992777, b'0', b'1', b'0', 1),
(261, 'سندوه', 31.272759, 30.066836, b'0', b'1', b'0', 1),
(262, 'سنهرة', 31.231948, 30.083435, b'0', b'1', b'0', 1),
(263, 'سوق 6 أكتوبر', 31.197815, 30.06254, b'0', b'1', b'0', 1),
(264, 'سوق الجملة بمدينة 6 أكتوبر', 31.178772, 30.0439, b'0', b'1', b'0', 1),
(265, 'سوق العبور', 31.465917, 30.164164, b'0', b'1', b'0', 6),
(266, 'ش 6 أكتوبر', 31.25295, 30.064744, b'0', b'1', b'0', 2),
(267, 'ش الأهرام', 31.295874, 30.005043, b'0', b'1', b'0', 3),
(268, 'ش نادى الرحلات', 31.237349, 30.047299, b'0', b'1', b'0', 1),
(269, 'شارع الترعه', 31.235935, 30.134367, b'0', b'1', b'0', 1),
(270, 'شارع الجيزة', 31.32616, 30.096358, b'0', b'1', b'0', 1),
(271, 'شارع شبرا', 31.245349, 30.085551, b'0', b'1', b'0', 4),
(272, 'شارع عبد العزيز', 31.247905, 30.046952, b'0', b'1', b'0', 1),
(273, 'شارع مراد', 31.258513, 30.064855, b'0', b'1', b'0', 1),
(274, 'شبرا', 31.245349, 30.085551, b'0', b'1', b'1', 17),
(275, 'شبرا الخيمة', 31.245349, 30.085551, b'1', b'1', b'0', 15),
(276, 'شبرا المظلات', 31.245349, 30.085551, b'0', b'1', b'0', 2),
(277, 'شبين القناطر', 31.296967, 30.297668, b'0', b'1', b'0', 3),
(278, 'شرق شبرا', 31.248329, 30.074212, b'0', b'1', b'0', 1),
(279, 'شرق شبرا الخيمة', 31.235712, 30.04442, b'0', b'1', b'0', 5),
(280, 'شق الثعبان', 31.249073, 30.058398, b'0', b'1', b'0', 2),
(281, 'شهاب', 31.277124, 30.10408, b'0', b'1', b'0', 2),
(282, 'شيخون', 31.254541, 30.030861, b'0', b'1', b'0', 2),
(283, 'شيراتون', 31.220316, 30.039195, b'0', b'1', b'0', 1),
(284, 'صفط', 31.3362, 30.104, b'0', b'1', b'0', 1),
(285, 'صفط اللبن', 31.194847, 30.027857, b'0', b'1', b'0', 4),
(286, 'صقر قريش', 31.372031, 30.107163, b'0', b'1', b'1', 20),
(287, 'صلاح سالم', 31.268259, 30.042218, b'0', b'1', b'0', 11),
(288, 'طريق الحصة', 31.341052, 29.979241, b'0', b'1', b'0', 1),
(289, 'طريق الشرقاوية', 31.234959, 30.12833, b'0', b'1', b'0', 1),
(290, 'طريق القطامية', 31.4784, 29.963533, b'0', b'1', b'0', 2),
(291, 'طريق النصر', 31.283038, 30.048273, b'0', b'1', b'1', 17),
(292, 'طلبه', 31.261172, 29.971071, b'0', b'1', b'0', 2),
(293, 'طنان', 31.290151, 30.115353, b'0', b'1', b'0', 1),
(294, 'ع رياض', 30.982389, 30.79408, b'0', b'1', b'0', 1),
(295, 'عباس العقاد', 31.337882, 30.056508, b'0', b'1', b'0', 6),
(296, 'عباسية', 31.717099, 30.534836, b'1', b'1', b'1', 97),
(297, 'عبد', 31.374916, 30.150962, b'0', b'1', b'0', 1),
(298, 'عبد االله العربى', 31.328385, 30.046586, b'0', b'1', b'0', 1),
(299, 'عبد المنعم رياض', 31.259432, 30.087161, b'0', b'1', b'1', 51),
(300, 'عبد المنعم رياض الألف مسكن', 31.335705, 30.114703, b'0', b'1', b'0', 1),
(301, 'عبده باشا', 31.276009, 30.064197, b'0', b'1', b'0', 1),
(302, 'عبود', 31.259451, 30.070456, b'0', b'1', b'0', 12),
(303, 'عتبه', 31.246803, 30.052346, b'0', b'1', b'0', 2),
(304, 'عثمان بن عفان', 31.259168, 30.103002, b'0', b'1', b'0', 1),
(305, 'عرابى', 31.24251, 30.05499, b'0', b'1', b'0', 4),
(306, 'عرب الطويلة', 31.3154, 30.139457, b'0', b'1', b'0', 7),
(307, 'عرب المعادى', 31.269979, 29.97015, b'0', b'1', b'0', 1),
(308, 'عزبة', 31.220233, 30.099714, b'0', b'1', b'0', 1),
(309, 'عزبة النخل', 31.31867, 30.145098, b'1', b'1', b'0', 1),
(310, 'عزبة الهجانة', 31.394184, 30.069496, b'0', b'1', b'0', 4),
(311, 'عزيز المصري', 31.27505, 30.0976, b'0', b'1', b'0', 4),
(312, 'عماد الدين', 31.244298, 30.055927, b'0', b'1', b'0', 2),
(313, 'عمارات عثمان', 31.274561, 30.082925, b'0', b'1', b'0', 1),
(314, 'عمر المختار', 31.296297, 30.116298, b'0', b'1', b'0', 1),
(315, 'عمر بن الخطاب', 31.250463, 30.09716, b'0', b'1', b'0', 1),
(316, 'عين الحياه', 31.372429, 30.122321, b'0', b'1', b'0', 1),
(317, 'عين الصيرة', 31.244037, 30.01685, b'0', b'1', b'0', 5),
(318, 'عين حلوان', 31.336853, 29.848319, b'0', b'1', b'0', 1),
(319, 'عين شمس', 31.319072, 30.116505, b'1', b'1', b'0', 11),
(320, 'غمرة', 31.267644, 30.068478, b'1', b'1', b'0', 1),
(321, 'فم الخليج', 31.231308, 30.022984, b'0', b'1', b'0', 7),
(322, 'فيصل', 31.169427, 30.002168, b'1', b'1', b'0', 3),
(323, 'قسم الحدائق', 31.283958, 30.093812, b'0', b'1', b'0', 6),
(324, 'قصر الضيافة', 31.317977, 30.089553, b'0', b'1', b'0', 2),
(325, 'قليوب', 31.235712, 30.04442, b'0', b'1', b'0', 10),
(326, 'قليوب البلد', 31.235712, 30.04442, b'0', b'1', b'0', 3),
(327, 'قليوب المظلات', 31.245589, 30.104064, b'0', b'1', b'0', 1),
(328, 'كال نات', 31.324986, 30.086663, b'0', b'1', b'0', 1),
(329, 'كبرى الفنجرى', 31.300708, 30.076173, b'0', b'1', b'0', 1),
(330, 'كرداسة', 31.260224, 30.047108, b'0', b'1', b'0', 3),
(331, 'كفر أبو صير', 31.369887, 30.160295, b'0', b'1', b'0', 1),
(332, 'كفر الجبل', 31.238162, 30.072231, b'0', b'1', b'0', 5),
(333, 'كفر طهرمس', 31.174759, 30.016206, b'0', b'1', b'0', 1),
(334, 'كفر غطاطى', 31.105065, 30.008723, b'0', b'1', b'0', 2),
(335, 'كلية البنات', 31.329191, 30.081103, b'0', b'1', b'0', 2),
(336, 'كلية البنات الاسلاميه', 31.311332, 30.0625, b'0', b'1', b'0', 3),
(337, 'كلية الزراعة', 31.245984, 30.111884, b'1', b'1', b'0', 1),
(338, 'كليه الأزهر', 31.314889, 30.057503, b'0', b'1', b'0', 1),
(339, 'كليه بنات عين شمس', 31.286117, 30.076253, b'0', b'1', b'0', 1),
(340, 'كهرباء الأهرام', 31.323599, 30.091785, b'0', b'1', b'0', 2),
(341, 'كوبرى 6 أكتوبر', 31.219151, 30.048568, b'0', b'1', b'0', 7),
(342, 'كوبرى احمد عرابى', 31.195855, 30.069885, b'0', b'1', b'0', 2),
(343, 'كوبرى الجامعة', 31.223845, 30.028293, b'0', b'1', b'0', 3),
(344, 'كوبرى الجلاء', 31.220407, 30.040131, b'0', b'1', b'0', 6),
(345, 'كوبرى العاشر من رمضان', 31.267148, 30.098212, b'0', b'1', b'0', 1),
(346, 'كوبرى القبة', 31.291062, 30.08716, b'1', b'1', b'0', 4),
(347, 'كوبرى روض الفرج', 31.233339, 30.087396, b'0', b'1', b'0', 1),
(348, 'كوبرى مسطرد', 31.290119, 30.130254, b'0', b'1', b'0', 1),
(349, 'كوبري الشبينى', 31.271947, 30.067594, b'0', b'1', b'0', 1),
(350, 'كوبري عرابي', 31.24251, 30.05499, b'0', b'1', b'0', 1),
(351, 'كورنيش', 31.24251, 30.102662, b'0', b'1', b'0', 9),
(352, 'كورنيش النيل', 31.229404, 30.05488, b'0', b'1', b'0', 11),
(353, 'كيت كات', 31.214313, 30.062213, b'0', b'1', b'0', 2),
(354, 'لاظوغلى', 31.232552, 30.040683, b'0', b'1', b'0', 4),
(355, 'للأنفاق دائري', 31.280417, 30.091394, b'0', b'1', b'0', 1),
(356, 'م . الطلبة', 31.261172, 29.971071, b'0', b'1', b'0', 1),
(357, 'م. السلام (أسبيكو)', 31.411875, 30.170333, b'0', b'1', b'0', 1),
(358, 'مؤسسة', 31.235456, 30.041379, b'0', b'1', b'0', 1),
(359, 'مؤسسة الزكاة', 31.346331, 30.145221, b'0', b'1', b'0', 3),
(360, 'ماسبيرو', 31.321061, 30.095855, b'0', b'1', b'0', 1),
(361, 'مجرى العيون', 31.241525, 30.019719, b'0', b'1', b'0', 1),
(362, 'مجمع مدارس الفسطاط', 31.17863, 27.206163, b'0', b'1', b'0', 2),
(363, 'محطة الاتحاد', 31.186154, 30.031953, b'0', b'1', b'0', 1),
(364, 'محطة السرفيس', 31.284412, 30.073019, b'0', b'1', b'0', 1),
(365, 'محطة الكهرباء', 31.271088, 30.10799, b'0', b'1', b'0', 1),
(366, 'محطة المرج', 31.335992, 30.15419, b'0', b'1', b'0', 1),
(367, 'محطة المرج الجديدة', 31.334294, 30.148177, b'0', b'1', b'0', 2),
(368, 'محطة المطرية (المترو)', 31.313953, 30.113262, b'0', b'1', b'0', 1),
(369, 'محطة طرة', 31.273934, 29.945305, b'0', b'1', b'0', 1),
(370, 'محطة طرة للأنفاق', 31.248962, 30.063665, b'0', b'1', b'0', 1),
(371, 'محطة مترو الأنفاق بالمرج', 31.249281, 30.062838, b'0', b'1', b'0', 1),
(372, 'محور الجمالية', 31.263673, 30.052003, b'0', b'1', b'0', 1),
(373, 'مدينة البعوث', 31.276529, 30.05623, b'0', b'1', b'0', 1),
(374, 'مدينة الحرفيين', 31.403756, 30.152756, b'0', b'1', b'0', 1),
(375, 'مدينة السلام (اسكندرية)', 31.417183, 30.180524, b'0', b'1', b'0', 1),
(376, 'مدينة السلام القاهرة', 31.411875, 30.170333, b'0', b'1', b'0', 1),
(377, 'مدينة السلام اللبن', 31.23973, 29.999375, b'0', b'1', b'0', 1),
(378, 'مدينة الشروق', 31.639718, 30.144212, b'0', b'1', b'0', 3),
(379, 'مدينة الشيخ زايد', 30.97616, 30.049163, b'0', b'1', b'0', 1),
(380, 'مدينة الضباط', 31.307458, 29.895925, b'0', b'1', b'0', 1),
(381, 'مدينة العبور', 31.479895, 30.228341, b'0', b'1', b'0', 6),
(382, 'مدينة القانونيين', 31.333392, 30.067233, b'0', b'1', b'0', 1),
(383, 'مدينة النهضة', 31.328008, 30.063941, b'0', b'1', b'0', 1),
(384, 'مدينة النور', 31.260876, 30.103449, b'0', b'1', b'0', 5),
(385, 'مدينة نصر', 31.330108, 30.05661, b'0', b'1', b'0', 1),
(386, 'مدينه الطلبة', 31.288162, 30.078476, b'0', b'1', b'0', 1),
(387, 'مر صفا', 31.222806, 30.057058, b'0', b'1', b'0', 1),
(388, 'مراد', 31.258513, 30.064855, b'0', b'1', b'0', 3),
(389, 'مزلقان الدويقة', 31.255608, 30.071289, b'0', b'1', b'0', 1),
(390, 'مزلقان زكى', 31.255215, 30.086214, b'0', b'1', b'0', 1),
(391, 'مساكن الأميرية', 31.301802, 30.117595, b'0', b'1', b'0', 3),
(392, 'مساكن الحرفيين بالدويقة', 31.29011, 30.037839, b'0', b'1', b'0', 1),
(393, 'مساكن الحلمية', 31.248831, 30.027301, b'0', b'1', b'0', 4),
(394, 'مساكن الدويقة', 31.267298, 29.98971, b'0', b'1', b'0', 1),
(395, 'مساكن الشباب', 31.467042, 30.253796, b'0', b'1', b'0', 1),
(396, 'مساكن الشروق', 31.360223, 30.06821, b'0', b'1', b'0', 3),
(397, 'مساكن الضباط', 31.378753, 30.080779, b'0', b'1', b'0', 1),
(398, 'مساكن الماظة', 31.301802, 30.117595, b'0', b'1', b'0', 4),
(399, 'مساكن النصر', 31.231232, 30.078031, b'0', b'1', b'0', 1),
(400, 'مساكن الوحدة', 31.196227, 30.01392, b'0', b'1', b'0', 4),
(401, 'مساكن زينهم', 31.244982, 30.02338, b'0', b'1', b'0', 2),
(402, 'مساكن شيرتوان', 31.374488, 30.107202, b'0', b'1', b'0', 1),
(403, 'مساكن عثمان', 31.274561, 30.082925, b'0', b'1', b'0', 3),
(404, 'مساكن عين شمس', 31.301802, 30.117595, b'0', b'1', b'0', 7),
(405, 'مساكن عين شمس م . الحجاز', 31.232105, 30.04158, b'0', b'1', b'0', 1),
(406, 'مستشفى الحسين', 31.26592, 30.045257, b'0', b'1', b'0', 1),
(407, 'مسرة', 31.242355, 30.073386, b'0', b'1', b'0', 6),
(408, 'مسطرد', 31.286932, 30.141235, b'0', b'1', b'0', 12),
(409, 'مسكن اسكو', 31.252768, 30.120315, b'0', b'1', b'0', 1),
(410, 'مسكن الطوب الرملي', 31.363353, 30.041387, b'0', b'1', b'0', 1),
(411, 'مشتهر', 31.244561, 30.046472, b'0', b'1', b'0', 4),
(412, 'مصر إسكندرية الزراعي', 30.750244, 30.81286, b'0', b'1', b'0', 3),
(413, 'مصر الإسماعيلية', 32.264324, 30.588511, b'0', b'1', b'0', 4),
(414, 'مصر الجديدة', 31.322709, 30.090984, b'0', b'1', b'0', 2),
(415, 'مصطفى النحاس', 31.280134, 30.094034, b'0', b'1', b'0', 5),
(416, 'مطار القاهرة', 31.365337, 30.107405, b'0', b'1', b'0', 6),
(417, 'معهد التكنولوجيا', 31.221672, 30.05871, b'0', b'1', b'0', 1),
(418, 'معهد الخدمة الاجتماعية', 31.231097, 30.031374, b'0', b'1', b'0', 1),
(419, 'مكرم عبيد', 31.235712, 30.04442, b'0', b'1', b'0', 2),
(420, 'منشأة القناطر', 30.804375, 30.814276, b'0', b'1', b'0', 5),
(421, 'منشية البكري', 31.311269, 30.083613, b'0', b'1', b'0', 2),
(422, 'منشية الصدر', 31.287671, 30.085289, b'1', b'1', b'0', 1),
(423, 'منشية ناصر', 31.278252, 30.03623, b'0', b'1', b'0', 7),
(424, 'منطي', 31.246571, 30.145387, b'0', b'1', b'0', 2),
(425, 'منيرة', 31.202534, 30.081054, b'0', b'1', b'0', 1),
(426, 'منيرة إمبابة', 31.198418, 30.079579, b'0', b'1', b'0', 1),
(427, 'منيل', 31.226865, 30.021361, b'0', b'1', b'0', 1),
(428, 'مهمشة', 31.264067, 30.073968, b'0', b'1', b'0', 2),
(429, 'موتسيان', 31.190796, 29.984314, b'0', b'1', b'0', 2),
(430, 'موقف المرج', 31.338507, 30.165094, b'0', b'1', b'0', 2),
(431, 'ميت رهينة', 31.245467, 29.848672, b'0', b'1', b'0', 1),
(432, 'ميت عقبة', 31.197236, 30.064794, b'0', b'1', b'0', 4),
(433, 'ميت كنانة', 31.231617, 30.140491, b'0', b'1', b'0', 2),
(434, 'ميدان الأمام', 31.286331, 29.984989, b'0', b'1', b'0', 1),
(435, 'ميدان الاتحاد', 31.257775, 30.089854, b'0', b'1', b'0', 3),
(436, 'ميدان الاسماعيليه', 31.281709, 30.098941, b'0', b'1', b'0', 1),
(437, 'ميدان الجيزة', 31.211436, 30.027848, b'1', b'1', b'0', 7),
(438, 'ميدان الحجاز', 31.346189, 30.111303, b'0', b'1', b'0', 11),
(439, 'ميدان الحدائق', 31.248343, 30.094528, b'0', b'1', b'0', 1),
(440, 'ميدان الرماية', 31.235032, 29.995212, b'0', b'1', b'0', 2),
(441, 'ميدان الطيران', 31.32465, 30.067425, b'0', b'1', b'0', 1),
(442, 'ميدان العتبة', 31.227291, 30.043339, b'0', b'1', b'0', 1),
(443, 'ميدان المطرية', 31.306257, 30.115374, b'0', b'1', b'0', 2),
(444, 'ميدان لبنان', 31.193029, 30.059567, b'0', b'1', b'0', 6),
(445, 'نادى السكة', 31.2348, 30.068986, b'0', b'1', b'0', 2),
(446, 'ناهيا', 31.181791, 30.044669, b'0', b'1', b'0', 2),
(447, 'نخلة المطيعى', 31.341552, 30.100911, b'0', b'1', b'0', 1),
(448, 'نقل جماعى', 31.319946, 30.096646, b'0', b'1', b'0', 1),
(449, 'نقل جماعى سبيكو', 31.335157, 30.098319, b'0', b'1', b'0', 1),
(450, 'نهضة مصر', 31.439904, 30.171561, b'0', b'1', b'0', 1),
(451, 'نوى', 31.263381, 30.059023, b'0', b'1', b'0', 2),
(452, 'هارون', 31.308233, 29.995081, b'0', b'1', b'0', 1),
(453, 'هارون الرشيد', 31.328797, 30.09713, b'0', b'1', b'0', 1),
(454, 'هضبة الهرم', 31.1509, 29.9883, b'0', b'1', b'0', 2),
(455, 'وراق العرب', 31.211122, 30.096994, b'0', b'1', b'0', 2),
(456, 'وزارة الزراعة', 31.211801, 30.045751, b'0', b'1', b'0', 2),
(457, 'يوسف عباس', 31.319763, 30.066648, b'0', b'1', b'0', 4),
(458, 'جامعة حلوان', 31.316525, 29.867014, b'1', b'0', b'0', 0),
(459, 'وادى حوف', 31.245327, 30.037184, b'1', b'0', b'0', 0),
(460, 'حدائق حلوان', 31.304069, 29.891004, b'1', b'0', b'0', 0),
(461, 'طرة الاسمنت', 31.288386, 29.923279, b'1', b'0', b'0', 0),
(462, 'كوتيسكا', 31.279091, 29.938051, b'1', b'0', b'0', 0),
(463, 'طرة البلد', 31.27298, 29.946763, b'1', b'0', b'0', 0),
(464, 'حدائق المعادى', 31.265364, 29.952708, b'1', b'0', b'0', 0),
(465, 'مارى جرجس', 31.257428, 30.07931, b'1', b'0', b'0', 0),
(466, 'الدمرداش', 31.275512, 30.073553, b'1', b'0', b'0', 0),
(467, 'حمامات القبة', 31.298901, 30.091255, b'1', b'0', b'0', 0),
(468, 'سرايا القبة', 31.235712, 30.04442, b'1', b'0', b'0', 0),
(469, 'حدائق الزيتون', 31.31045, 30.10593, b'1', b'0', b'0', 0),
(470, 'حلمية الزيتون', 31.318419, 30.119387, b'1', b'0', b'0', 0),
(471, 'المرج الجديدة', 31.33834, 30.163686, b'1', b'0', b'0', 4),
(472, 'ساقية مكى', 31.21516, 29.994249, b'1', b'0', b'0', 1),
(473, 'محطة الجيزة', 31.235187, 29.992704, b'1', b'0', b'0', 0),
(474, 'البحوث', 31.205813, 30.041124, b'1', b'0', b'0', 0),
(475, 'الأوبرا', 31.224181, 30.042705, b'1', b'0', b'0', 0),
(476, 'محمد نجيب', 31.244162, 30.045322, b'1', b'0', b'0', 0),
(477, 'المسرة', 31.242355, 30.073386, b'1', b'0', b'0', 0),
(478, 'روض الفرج', 31.236882, 30.072025, b'1', b'0', b'0', 9),
(479, 'سانت تريزا', 31.245503, 30.087959, b'1', b'0', b'0', 0);

--
-- Indexes for dumped tables
--

--
-- Indexes for table `Buses`
--
ALTER TABLE `Buses`
  ADD PRIMARY KEY (`ID`),
  ADD UNIQUE KEY `ID` (`ID`),
  ADD UNIQUE KEY `name` (`name`);

--
-- Indexes for table `Bus_stations`
--
ALTER TABLE `Bus_stations`
  ADD PRIMARY KEY (`bus_id`,`station_id`);

--
-- Indexes for table `Stations`
--
ALTER TABLE `Stations`
  ADD PRIMARY KEY (`ID`),
  ADD UNIQUE KEY `ID` (`ID`),
  ADD UNIQUE KEY `name` (`name`);

--
-- AUTO_INCREMENT for dumped tables
--

--
-- AUTO_INCREMENT for table `Buses`
--
ALTER TABLE `Buses`
  MODIFY `ID` int(11) NOT NULL AUTO_INCREMENT, AUTO_INCREMENT=640;
--
-- AUTO_INCREMENT for table `Stations`
--
ALTER TABLE `Stations`
  MODIFY `ID` int(11) NOT NULL AUTO_INCREMENT, AUTO_INCREMENT=480;
/*!40101 SET CHARACTER_SET_CLIENT=@OLD_CHARACTER_SET_CLIENT */;
/*!40101 SET CHARACTER_SET_RESULTS=@OLD_CHARACTER_SET_RESULTS */;
/*!40101 SET COLLATION_CONNECTION=@OLD_COLLATION_CONNECTION */;
